0	0	bwd_preprocess_varlen.hsaco
0	0	bwd_preprocess_varlen.hsaco
0	0	bwd_preprocess_varlen.hsaco
0	0	bwd_preprocess.hsaco
0	0	bwd_preprocess_varlen.hsaco
0	0	bwd_preprocess_varlen.hsaco
0	0	debug_simulate_encoded_softmax.hsaco
0	0	bwd_preprocess_varlen.hsaco
0	0	bwd_preprocess.hsaco
0	0	bwd_preprocess.hsaco
0	0	bwd_preprocess.hsaco
0	0	bwd_preprocess_varlen.hsaco
0	0	bwd_preprocess_varlen.hsaco
0	0	bwd_preprocess_varlen.hsaco
0	0	bwd_preprocess.hsaco
0	0	bwd_preprocess_varlen.hsaco
0	0	bwd_preprocess_varlen.hsaco
0	0	bwd_preprocess.hsaco
0	0	bwd_preprocess_varlen.hsaco
0	0	bwd_preprocess_varlen.hsaco
0	0	bwd_preprocess.hsaco
0	0	bwd_preprocess.hsaco
0	0	bwd_preprocess_varlen.hsaco
0	0	bwd_preprocess_varlen.hsaco
0	0	bwd_preprocess_varlen.hsaco
0	0	bwd_preprocess.hsaco
0	0	bwd_preprocess_varlen.hsaco
0	0	bwd_preprocess.hsaco
0	0	bwd_preprocess.hsaco
0	0	bwd_preprocess_varlen.hsaco
0	0	bwd_preprocess_varlen.hsaco
0	0	bwd_preprocess_varlen.hsaco
0	0	bwd_preprocess.hsaco
0	0	bwd_preprocess.hsaco
0	0	bwd_preprocess.hsaco
0	0	bwd_preprocess.hsaco
0	0	bwd_preprocess_varlen.hsaco
0	0	bwd_preprocess.hsaco
0	0	bwd_preprocess_varlen.hsaco
0	0	bwd_preprocess_varlen.hsaco
0	0	bwd_preprocess_varlen.hsaco
0	0	bwd_preprocess.hsaco
0	0	bwd_preprocess_varlen.hsaco
0	0	bwd_preprocess.hsaco
0	0	bwd_preprocess_varlen.hsaco
0	0	bwd_preprocess_varlen.hsaco
1	0	bwd_preprocess.hsaco
0	0	bwd_preprocess.hsaco
1	0	bwd_preprocess.hsaco
0	0	debug_simulate_encoded_softmax.hsaco
1	0	bwd_preprocess.hsaco
0	0	bwd_preprocess_varlen.hsaco
0	0	bwd_preprocess_varlen.hsaco
0	0	bwd_preprocess_varlen.hsaco
0	0	bwd_preprocess.hsaco
0	0	bwd_preprocess.hsaco
0	0	bwd_preprocess_varlen.hsaco
0	0	bwd_preprocess_varlen.hsaco
0	0	bwd_preprocess_varlen.hsaco
0	0	bwd_preprocess_varlen.hsaco
1	0	bwd_preprocess.hsaco
0	0	bwd_preprocess_varlen.hsaco
0	0	bwd_preprocess_varlen.hsaco
0	0	bwd_preprocess.hsaco
0	0	bwd_preprocess.hsaco
0	0	bwd_preprocess_varlen.hsaco
0	0	bwd_preprocess_varlen.hsaco
0	0	bwd_preprocess_varlen.hsaco
0	0	bwd_preprocess.hsaco
0	0	bwd_preprocess_varlen.hsaco
0	0	bwd_preprocess_varlen.hsaco
0	0	bwd_preprocess_varlen.hsaco
0	0	bwd_preprocess_varlen.hsaco
0	0	bwd_preprocess.hsaco
0	0	bwd_preprocess.hsaco
0	0	bwd_preprocess_varlen.hsaco
0	0	bwd_preprocess_varlen.hsaco
0	0	bwd_preprocess.hsaco
0	0	bwd_preprocess_varlen.hsaco
0	0	bwd_preprocess_varlen.hsaco
0	0	bwd_preprocess_varlen.hsaco
0	0	bwd_preprocess.hsaco
0	0	bwd_preprocess_varlen.hsaco
0	0	bwd_preprocess.hsaco
0	0	bwd_preprocess.hsaco
0	0	bwd_preprocess.hsaco
0	0	bwd_preprocess.hsaco
0	0	bwd_preprocess.hsaco
0	0	bwd_preprocess_varlen.hsaco
0	0	bwd_preprocess_varlen.hsaco
0	0	bwd_preprocess.hsaco
0	0	bwd_preprocess_varlen.hsaco
0	0	bwd_preprocess.hsaco
0	0	bwd_preprocess.hsaco
0	0	bwd_preprocess.hsaco
0	0	bwd_preprocess.hsaco
0	0	bwd_preprocess_varlen.hsaco
0	0	bwd_preprocess.hsaco
0	0	bwd_preprocess_varlen.hsaco
0	0	bwd_preprocess_varlen.hsaco
0	0	bwd_preprocess.hsaco
0	0	bwd_preprocess_varlen.hsaco
0	0	debug_simulate_encoded_softmax.hsaco
0	0	bwd_preprocess.hsaco
0	0	bwd_preprocess.hsaco
0	0	bwd_preprocess_varlen.hsaco
0	0	bwd_preprocess.hsaco
0	0	bwd_preprocess.hsaco
0	0	bwd_preprocess_varlen.hsaco
0	0	bwd_preprocess_varlen.hsaco
0	0	bwd_preprocess.hsaco
0	0	bwd_preprocess_varlen.hsaco
0	0	bwd_preprocess.hsaco
0	0	bwd_preprocess.hsaco
0	0	bwd_preprocess.hsaco
1	0	bwd_preprocess.hsaco
0	0	bwd_preprocess.hsaco
0	0	bwd_preprocess.hsaco
0	0	bwd_preprocess.hsaco
0	0	bwd_preprocess_varlen.hsaco
0	0	bwd_preprocess.hsaco
0	0	bwd_preprocess.hsaco
0	0	bwd_preprocess.hsaco
0	0	bwd_preprocess.hsaco
0	0	bwd_preprocess.hsaco
0	0	bwd_preprocess_varlen.hsaco
0	0	bwd_preprocess.hsaco
0	0	bwd_preprocess.hsaco
0	0	bwd_preprocess_varlen.hsaco
0	0	bwd_preprocess_varlen.hsaco
0	0	bwd_preprocess_varlen.hsaco
1	0	bwd_preprocess.hsaco
0	0	bwd_preprocess.hsaco
0	0	bwd_preprocess.hsaco
0	0	bwd_preprocess_varlen.hsaco
0	0	bwd_preprocess.hsaco
0	0	bwd_preprocess_varlen.hsaco
0	0	bwd_preprocess_varlen.hsaco
0	0	bwd_preprocess.hsaco
0	0	bwd_preprocess_varlen.hsaco
0	0	bwd_preprocess.hsaco
0	0	bwd_preprocess.hsaco
0	0	bwd_preprocess_varlen.hsaco
0	0	bwd_preprocess.hsaco
0	0	bwd_preprocess.hsaco
0	0	bwd_preprocess_varlen.hsaco
0	0	bwd_preprocess_varlen.hsaco
0	0	debug_simulate_encoded_softmax-dc1ff2628f5f06af6184fe57b7afdf3cda7ba0a23e6cd41386b1e7c4c91d85ca.hsaco
0	0	debug_simulate_encoded_softmax-b5d2ac8ffc67cc40227e349324858ef63e8f5b3d0ebf59a629ac7e95f5f7d4b0.hsaco
0	0	debug_simulate_encoded_softmax-64ce7753ee13fc2e6fbb99c5fb5fc47b4fd635ba2aa2c9a42a64a68c28fc310d.hsaco
0	0	flyc_attn_fwd-21af506ad816d1608ce8ce501a9f5c54c3e813ed41889f22d2797edf90047796.hsaco
3	0	flyc_attn_fwd-c03d714886b4611f8637b90bc55c58b120ee3cc2f0dbc6eabd8e1057a8b127d6.hsaco
0	0	flyc_attn_fwd-7bd955ab2f9cf07c68cbd6593dea9f007b1ffe2f43e5d27cec4950ed50287307.hsaco
0	0	flyc_attn_fwd-b2881694f60ef8d2ad95b142e7d6b20946e9a18d679ecc9e1ee34d0df74f4066.hsaco
0	0	flyc_attn_fwd-161a78a1768ac0dcf03d66635fc23109daeb101dc09a9c2755b6d89d87d1703d.hsaco
0	0	flyc_attn_fwd-907dbf65f7c2619e144b05c40650bb7c68026ec0a653be97b7ab0f5dbb7de9f2.hsaco
0	0	flyc_attn_fwd-81bc558556603e3de625b1c023ac7fc3a4adfc903d7b92d71a01ed6cbd0c6896.hsaco
0	0	flyc_attn_fwd-e7940a153e0dd11944ac49cdad56267b798750a3c717fd6c428dc02d0e84a090.hsaco
0	0	flyc_attn_fwd-14bd330e295a97cd2312fd5847ba2c963a6401cc490e841cfb62858866d5cbbb.hsaco
0	0	flyc_attn_fwd-5c6137d2ea4043a51e44850fc72ec4d52d74c83a0e60880f2e1f361c3e3d531b.hsaco
0	0	flyc_attn_fwd-a136524ae9c1c047899056472fb8cfc136320fd90c1c6abea31fb30fcd3bf492.hsaco
3	0	flyc_attn_fwd-7c0813c03e6fd327aa98d7e902a2c65f315955ff97a2bdbac4b219517ab8b2b1.hsaco
0	0	flyc_attn_fwd-e22c6ea107f4a6593834fe70be53699b14046f1578fec4a7e53bde39a75c8fdf.hsaco
0	0	flyc_attn_fwd-3e92e1e0e4a71865d36838e8850e56ba3c59db6c8dee4ea5e7e7808eab1d11f7.hsaco
0	0	flyc_attn_fwd-8d106d7ae8793d505de374a1b1ad8c5f13c02451908d497f05078310f15bcd95.hsaco
0	0	flyc_attn_fwd-2eb3808a19ee29eac294c92036cf7d7a016e6de61d816c101f1797f5fedd6330.hsaco
0	0	flyc_attn_fwd-ed37f37bca4e9b308b10527a0a25c2800d2df032fb3627fb80734c9afa790e03.hsaco
0	0	flyc_attn_fwd-4fc7acf32916925844d416dd3e5160c7a47cf62de1b57ffc1bcd9b685a39c620.hsaco
0	0	flyc_attn_fwd-8195d9108bc5a526ae1edc6f340d3cabaccc8b4cf32022aa50766b1e37f417d6.hsaco
0	0	flyc_attn_fwd-6f7dd4455081b3e1da82d01c6a2ecb4961994aa46b7d8e29bb7236aebf00fca7.hsaco
2	0	flyc_attn_fwd-57fdd070f26a2b54750a4de53da9d11f2a315e1247852358b727c084a291c383.hsaco
0	0	flyc_attn_fwd-fb6b6dca97da08e4d783fff8848f94de9876294e85c53b5a186c011afb80e537.hsaco
0	0	flyc_attn_fwd-316b9e72856f2d5a2ab4e479eb2fd8414ae4315862ed997dd5b0a35ce32e6a6d.hsaco
0	0	flyc_attn_fwd-e8be515078da51504d3244a44e8fd3bf549ce0ccb92095547acf1aff63ecd7d6.hsaco
0	0	flyc_attn_fwd-0929882d47163b66730a25b436de2444c5bb634b12855b2ddbbd47566a25307e.hsaco
0	0	flyc_attn_fwd-4617ac83842fdd0611601f5b4c1f0140f8bbc6f5911648295558d40b9cfe4917.hsaco
0	0	flyc_attn_fwd-60ef5268c0b21829a95e047e41d4268b614860cff9ce48e1836b267f701e5499.hsaco
0	0	flyc_attn_fwd-a1065b4a84a1394e8c0aa9886b6fa00c8b49bbb631da2e5daf24a57d251c2fdd.hsaco
0	0	flyc_attn_fwd-560d9c6865e5227babf36b8687d285a109645ad67ef3822839a684a9c535a698.hsaco
0	0	flyc_attn_fwd-02439235c5975c7bc565e86c525f036f1b193b6d95e7181e44c01e89eccae022.hsaco
0	0	flyc_attn_fwd-23fd3ea97b27f21204b1473c70c35e6bcec616dd13ce08524165db65cb28c4ab.hsaco
0	0	flyc_attn_fwd-7de751dd4e0fc9aa6eb949e4244c3bf645db817e74ef5d3986cbcd538a4db4ba.hsaco
0	0	flyc_attn_fwd-d46cf7ab5c9dbdf27a48268eaaf29fba19f6c57feb9198b2a5e651133ecdf275.hsaco
0	0	flyc_attn_fwd-12f3e7236bebd8f8009c305e9a287d03d40a6531c754649d9e86898d49403d6c.hsaco
0	0	flyc_attn_fwd-942e4f453f3f41273bb6a5ab5e054a665b72cc5b72dfe3c58923851d7e0c2e98.hsaco
3	0	flyc_attn_fwd-70ec14369bb7fa9cfeb09c87ca52e7e30412c39e7de08391c02c77a39845d072.hsaco
0	0	flyc_attn_fwd-8c7f5f27b7e59db281b54006ffa99488c5f983c941d5bd5d5cbf60d1376e4e7b.hsaco
0	0	flyc_attn_fwd-8b1b7ba4a7bef10393381247a9c9b611f12a3f90c308fe95216676e0187d8d02.hsaco
0	0	flyc_attn_fwd-2d3f11d34d4dda68b5c3e2cb3ab435a2fcb8c9fb658bb76515e9efcedb124bf7.hsaco
0	0	flyc_attn_fwd-b4cc24336d3558816689d7ce64c67165392e4d3affa7c192dbc641b32de8ea3e.hsaco
0	0	flyc_attn_fwd-ab8676b6993bd5cc0a88dfb773001be9b1b423775b5feed7ff8077bb5bb2dd19.hsaco
0	0	flyc_attn_fwd-4bff0c3e136438d22c98eae5685fb5d361b342c3141118f178d25de024391a7e.hsaco
0	0	flyc_attn_fwd-e1a8c4ee8632bb6bd4928187e902200e5ed689edaf65560671e4fc10581fecc9.hsaco
0	0	flyc_attn_fwd-3498940e4508ac65bb5baa764da42910e712cdb5976d0de15e56788d16a545d2.hsaco
0	0	flyc_attn_fwd-5cbffbba18db77b37f0ef81bc28558b93e33c004b68da33ffa6fef9aaecd176d.hsaco
0	0	flyc_attn_fwd-e558a4d35e95f18ee40f6236b4f437c6091f9c78a41abe2de19009fea95ac962.hsaco
0	0	flyc_attn_fwd-c57519457f4a7efc101c7893a29a652615d336059d731c67bc33574d8af74492.hsaco
2	0	flyc_attn_fwd-33f600b60822f464a138cd62d41032ec3152938cfd2b41372bee508a57dfc672.hsaco
0	0	flyc_attn_fwd-2df0c4fecea147a5d2239fc259373fe027dd0d4146cdb9286cfbc991a4ed14c0.hsaco
3	0	flyc_attn_fwd-9d9dd9166e186b8486caf0992d8f8654f8f4aeed894c4dd81eda6ba65cfce89c.hsaco
0	0	flyc_attn_fwd-d487b2f166abad0fc6beadb9ca3350c6fb312507304447e02e8aa01dd64f5cc3.hsaco
0	0	flyc_attn_fwd-027d58519fd33e2b85c9515c0ec9f005f9468dc4531ec7cec94656eb4d0c729c.hsaco
0	0	flyc_attn_fwd-19990d6c8cce65695d453d04fc1d7f2fc9b03c14963300f067e25da8a8910b72.hsaco
0	0	flyc_attn_fwd-daa81c43743b3a9790c14a0b53672b772713a865225472d5d79cfb0848ab2982.hsaco
2	0	flyc_attn_fwd-91ea5ff929e888f31813ff0ceca1147ce908251fddd014b37218dcf00e0f50fd.hsaco
3	0	flyc_attn_fwd-25e3dbae460c3c0de5eef1dfc8c9217460d21c86e474233a149565ad93d16701.hsaco
0	0	flyc_attn_fwd-47eeae186711d0e8a302a947e312d6ff79b27cf0657a90a776ac2600e86475c7.hsaco
0	0	flyc_attn_fwd-20aed590148671d704e72938408116262b3893f0927d039f436e16b64709d0de.hsaco
0	0	flyc_attn_fwd-494068608fc6c2c833ba46e1ddf62ea05ac993ea179ed0059cad91f7f742aa90.hsaco
0	0	flyc_attn_fwd-5745a575daaa255307f3ca4c22711f9ce4b3923a77f72490c1ab9d8ad3bffa35.hsaco
0	0	flyc_attn_fwd-44fe14865457fb4e571d285bb4ed45f1f5aa3858d98e51cc8658a5ce10103ffd.hsaco
0	0	flyc_attn_fwd-63a7d2dc9e6f16f2a824c23e45a2b1b6aac02b9515c8f87b5dde02e2658fc77e.hsaco
0	0	flyc_attn_fwd-d73bb66a7c40e694f2dac3fb17e4bde7c35e2f98df83199d7e581025061d7fd1.hsaco
0	0	flyc_attn_fwd-5b4003696fd837c307028e35d77fce64859ff4abeb8157aa3e6f615a9463a479.hsaco
0	0	flyc_attn_fwd-ec21b114f6a44fba32afa2e4c8571a3003751741f2a8e6cbb600f34476ce96f2.hsaco
0	0	flyc_attn_fwd-577815a767bc3d71f4e5c46d618c5c8c58d344feb25d28db21245083edc7077d.hsaco
0	0	flyc_attn_fwd-2b9fcb48d299f71e461e2aa5e50c669d6d3e47700f86e154e4a63f3eec9f5095.hsaco
3	0	flyc_attn_fwd-185e3b7ae036aaab6d3b18c65352d6eeac03af197ea4f3dddf099b13c2b6ed14.hsaco
0	0	flyc_attn_fwd-7b8d4c2258cfee34091b781386c5a77a7ba3f672ca99c85d994fdfd3d4f5995c.hsaco
0	0	flyc_attn_fwd-e345c5a4f29b3f9045e43fcc28dca650ac3adf68ecbb275cc1f3b4eb42f60870.hsaco
0	0	flyc_attn_fwd-27cd7b1bc4fdbc5219dab51fecf903bf738f990bcdeee9da8c71b12d65b6d694.hsaco
0	0	flyc_attn_fwd-9f9c7c93634be1162e34b3e067ca44df5676cc040deba652f3b9158df1bed601.hsaco
0	0	flyc_attn_fwd-0acd2f221a9f683e3e277b61daedb11ba14e25ceba741d2edb13a7dec09cca29.hsaco
0	0	flyc_attn_fwd-8162c62f5ab29e0d8a3c3f27418e25506f56efb8aec6e1b8330b6da66cd0b957.hsaco
0	0	flyc_attn_fwd-ade415def37ffcffd7838288f83fc776e9202ad1921bfbda30f1519db9b3cbbc.hsaco
0	0	flyc_attn_fwd-7ed3b683d17bc8213f5265e93a71081ba996f67602c17beef95d47c0ed2742e6.hsaco
0	0	flyc_attn_fwd-024894187a05ad39b9a9144bc8d98c22c063c3da0ce38d61acdcdc93aab14de6.hsaco
0	0	flyc_attn_fwd-1ea3505ff218d2117e23fafe1c1994c90bdd9d7d03ea3ec96efc1e98367be4d0.hsaco
5	0	flyc_attn_fwd-0ab569eaadfdc678b342cb901093aefd3ca9bc2c07a3da6530b9761c0ea8426e.hsaco
0	0	flyc_attn_fwd-921e568c23cf21c65c80f02acd15a15e323f106f915b2ce9dd92b26fadb92e42.hsaco
0	0	flyc_attn_fwd-3328687b6a2bf51f49c3687e9af700bfab35d746ed8281532b187327f4db63db.hsaco
0	0	flyc_attn_fwd-15fd00cb7366bcabe410b15eb11a4d07cbb58827a164b1cb793a34fea06f9704.hsaco
0	0	flyc_attn_fwd-79a653913ad98c7069f75deb8bc698ae3f40a372af7a6c8ccd62404738815723.hsaco
0	0	flyc_attn_fwd-2425370f379f0feda1d33250804fd683ecc6c2699ecdcc12dafe2b2c9cb627d0.hsaco
0	0	flyc_attn_fwd-e8997eb6949635b73761100c0abfc7770d40e434fea8690b0a5e709984079fb4.hsaco
0	0	flyc_attn_fwd-219ae92a9e6d0208fb84538804c4da744eb0defcf612b939750eece5d981bdc7.hsaco
0	0	flyc_attn_fwd-b63c5e1bb76f2c130c31060372aa87b83e3d9dd5b6cef18d24619212468b8288.hsaco
0	0	flyc_attn_fwd-1f77a580751e7f444170ffaac207375b37fb56edd5767f2669f3de0b7e56860e.hsaco
0	0	flyc_attn_fwd-523c1c7a55c9325f4a3a84a52d78ad4906dea07b48a1b74db28641a435225c8d.hsaco
3	0	flyc_attn_fwd-8cea4363e3cea70ab004e9aad2e01f2305a21d5df7d23a12fcacb629a9cb0232.hsaco
0	0	flyc_attn_fwd-b3c840bc1d0708d1a8c478518784d3ceeab786d65d1bd1e89dc062f088e38791.hsaco
0	0	flyc_attn_fwd-f2e4642498bf8d3187eed0df8e2f677d2be2066eb654a047568a354494e1fbc2.hsaco
0	0	flyc_attn_fwd-df3f74527c06aeffbdf52928bb68fd46ae8ecf868419fd656922c0c144024c64.hsaco
0	0	flyc_attn_fwd-b11807213a89ae71a98962b754eb202bdcb52892761897f4559db1f32d029b44.hsaco
0	0	flyc_attn_fwd-256585c8980e6995fd94c23956879dc769aa7dc8ca48bc4c9b90d7b9cf8e6a21.hsaco
0	0	flyc_attn_fwd-373cc7329f963c1e575f42bf4571d7c9ad10f6c0bc742dd0b50468ade1de8ab5.hsaco
0	0	flyc_attn_fwd-c858eda55ac7c3786043d2db9da68b378278a7feaf6436bbcf771cfc3c053013.hsaco
0	0	flyc_attn_fwd-3b99b8c3e0139dbcbc2d192eb4e2877d4392e241e396e3bc0491e269608fdc80.hsaco
0	0	flyc_attn_fwd-6cb8ca35f4a8ea38fba73a23fe698697b07ea3a11a13047acee5d3e493a45dcc.hsaco
0	0	flyc_attn_fwd-5e89f9f63dd401b970f2d09eaf8062187cb65b1bb7cc78b043f114f567963352.hsaco
0	0	flyc_attn_fwd-092a884003620cf076f87fe5d7e5854a068e8f38eac7e09a7ef6270246af4afb.hsaco
0	0	flyc_attn_fwd-83ac221bef79a33d4bcd961f7fab22d99361a250e514c95b1f4f1f7ea8de0e4d.hsaco
0	0	flyc_attn_fwd-5a2b58cb45a2f7de41fd403f9c41719bd309263653a87674885cf975e1cdacc3.hsaco
0	0	flyc_attn_fwd-924037ddae2a78e2794fdad1881fd2761db24637bd771e821a3c76d49ea7a1a3.hsaco
0	0	flyc_attn_fwd-c4b3d1c65342eb7155946a54d56a4d049e0bd2701949810a359b41a7d7f44887.hsaco
0	0	flyc_attn_fwd-0524f0f52eda20a7e69c17079893fd5e0667700d1ce4b23a887c14f88f143bd0.hsaco
0	0	flyc_attn_fwd-95161715757258a932ebab857d3550a47b84ca579553a6b3a6560b3955e362e7.hsaco
0	0	flyc_attn_fwd-77ed7d119467e64a0bfa3aafc4189cd5598fe4643674a77e7c8bf3ed756fe366.hsaco
0	0	flyc_attn_fwd-66143da46b18cceba18ffee5f2de63037ab8075c56914eb81b33cecf152eb568.hsaco
0	0	flyc_attn_fwd-038ffedab704495b72fb1f84c85aae3b7523d31178987caa0a000b1154b4d45b.hsaco
0	0	flyc_attn_fwd-e8ffcf94a13dce5f79fc05707c886c6dde5b31c97e4f3c1411fc460a85287d49.hsaco
0	0	flyc_attn_fwd-705c858450245be1ac7eb82069bacb0b4700598d5af54749ed9106a9d4fd030e.hsaco
0	0	flyc_attn_fwd-174c75c4bc8d4e3c709efb8fb56fbfc95d51a66b26e9e817d2e83e7ecd3a7c7a.hsaco
0	0	flyc_attn_fwd-88ba3e49fd9a8b4df169c073fabd8e3d121c2a421adb126aee0b258fa3aa1bfb.hsaco
0	0	flyc_attn_fwd-038ba49ca7b74962d71ed04bc2574704aa848a454116030521f7bc4df0eb0bd1.hsaco
0	0	flyc_attn_fwd-17b2eb8edbbabd252ac5146d38bd4aef28b34d70fb7360a8ab9f3bafe1c6a7d5.hsaco
0	0	flyc_attn_fwd-2f3361bb99aab79987d5af9b7c36b747683995d35225f57d5c86026de444a0f5.hsaco
0	0	flyc_attn_fwd-571794b490fdd53aa1ad465c35685be5b04d4a74d32df75fe00598f2ed63a714.hsaco
0	0	flyc_attn_fwd-4bbbccdd5f9dac27868b00448435d15214b09d8d165ad3e777f6251a5431e8d9.hsaco
3	0	flyc_attn_fwd-ed068bebf685f0b59ea64dedb5cec82db4c6c7013935ca9733a4cd8a3cb2e00a.hsaco
0	0	flyc_attn_fwd-21f491b9f4baf5d1fb8c02c77584e998e1eb0459908bbf219ccb716b8e2abcfe.hsaco
0	0	flyc_attn_fwd-6be8a667fdf50fdb39767df24cabb5b3ed5c93fc8af17edaed40470273c70224.hsaco
0	0	flyc_attn_fwd-576f4ae05564d02374e2871e306518ad319a33a72e182d1c264f1498ff01128c.hsaco
0	0	flyc_attn_fwd-ee544afb2c2cbd9f4229dfcad338c26ad35de4141d27feb0fc836bec9e5c8815.hsaco
0	0	flyc_attn_fwd-9354e1775a6a4772344a724dc2dafb6a8084f66905125e2ce1cd7768a1549344.hsaco
0	0	flyc_attn_fwd-0f87c20e4d697731baf695be1f2ee6dea5d04a3bb694b92bfe9ac9c4dfb40ad8.hsaco
0	0	flyc_attn_fwd-26980f7ae3a4115f3ef972d89365f214d7a4abc8c621c8dc8da7668a0275bbc7.hsaco
0	0	flyc_attn_fwd-a1dfbb3b0fe4efd143ad37ab5578b49e3bdd0bd7c73ed17e3a06ccb52f11175d.hsaco
0	0	flyc_attn_fwd-6b470176050c961fffe101a90996a00ba4d89b25e45ebd40956e02cad0dba17f.hsaco
0	0	flyc_attn_fwd-bbd0c5e633227db17e3b4bf0bd9d4134e410c5d4bb2ae096ca953f1a5fe95533.hsaco
0	0	flyc_attn_fwd-52ccc7a197077e9cacc9d7e0eea117df71f25d1b1e4c2c9159d040f0cf54afaf.hsaco
0	0	flyc_attn_fwd-1247f80a3c7738159c4a912d2893251d12211a7dc205e3912bc99d094a4bac73.hsaco
5	0	flyc_attn_fwd-5524480391e4c47d900fc64c19167c817eccbf3659ede4436f84a5a3ffd4fc33.hsaco
0	0	flyc_attn_fwd-5d853dbd36fedb59cea301af4e8ffc24d697459de47ded605b984ead4de7cd79.hsaco
0	0	flyc_attn_fwd-5d0c17f4a82f4b79e18e3207b6140fc9e58fdd79c025dd1bdda24d16fdb8cb51.hsaco
0	0	flyc_attn_fwd-31f0d3014a5b600dbfd53039d5c2f84624d37f4449a0b674b08075452e8e712f.hsaco
0	0	flyc_attn_fwd-91652c84678805c416c7fdb1425741aebb6714db6d5c2ba0ea841eb34f7be9ef.hsaco
0	0	flyc_attn_fwd-24b7929201ca926e4f9e27d9d1111d126e1bce536089533f34d651fff6e55b58.hsaco
0	0	flyc_attn_fwd-02aa686bbfc3ca8fc1146d304a244912375433465e24953da4d3b0777e99dc61.hsaco
0	0	flyc_attn_fwd-16a78458a0c29ccdf15e44011676b9a35ea47b2e0e102dea4dec3ed6721ef692.hsaco
0	0	flyc_attn_fwd-4b324833a1b922b41d15286fc0f6963417fd4ab7dea7165b3817e9753bed196d.hsaco
0	0	flyc_attn_fwd-e20e7370deeadb2ff6b814b7057b591488f742d44ff23bcabc7673cd527ff7ca.hsaco
0	0	flyc_attn_fwd-f2b81b16a6731be4dd013be83975f676653e4969bbc5811c25e0be9f895263a1.hsaco
0	0	flyc_attn_fwd-e4fa290cb4dcc3d22f977b7463285213cace5edb76d89c751ba11f490f8445d7.hsaco
0	0	flyc_attn_fwd-13a807f8eb6269374bc069d6bcef7dc8d3c1683b3b191baf22e3d4c2aa8310e2.hsaco
0	0	flyc_attn_fwd-c22bd11592bc9d3eada52e5684521a406538d76914dc9f07ffa895e7af06a827.hsaco
0	0	flyc_attn_fwd-f362b90816b41b13c43082ee6d892a612b4b25f10e587103ab85ef42bd757c9a.hsaco
0	0	flyc_attn_fwd-248efc9d4c3b2533132204fae42e32aa703e68e3a343a56adc4e672f8c71caf8.hsaco
0	0	flyc_attn_fwd-8b17c05ef7296ff1da15d62d813506e81d5e77fefa593c1e8e0217a7db54201f.hsaco
0	0	flyc_attn_fwd-dc54a378ba993a3f528cf7483ec6edc589c47a92db72cb110ac88d01051f10c1.hsaco
0	0	flyc_attn_fwd-52031e9a04afc1eccbb03ff16b9f4adb4f23a7e91175721be175216b47320da0.hsaco
0	0	flyc_attn_fwd-0dc04e1f3841b251de86f907de06fb751029b47af18fdbc3a3f2313d30607f90.hsaco
0	0	flyc_attn_fwd-e8eacdfae04dbb0ad6de706ec1fb4eef18019d96483aa18ce6001357ff902ad8.hsaco
3	0	flyc_attn_fwd-7eaa05db6111ce24116930fa45548bd029a73466f012905fc75c0aa4e008ec38.hsaco
0	0	flyc_attn_fwd-a3b423da5494cf689fabcfeb3420dfba109f89cdae60ddd25a5123ad1e3917f0.hsaco
0	0	flyc_attn_fwd-7c793b20f82aa27da905c32a069ce08c82795ea71df9e7f156a9d311c128e44b.hsaco
0	0	flyc_attn_fwd-ad86769de798c1e20c3a956e9964a012df799a4332ca78b8a287a9ccf16cbafd.hsaco
0	0	flyc_attn_fwd-117390552a3b2ff629ce26f6d800e92968eeb518afd2a077fd723f4a85eb4207.hsaco
0	0	flyc_attn_fwd-7ef1481b96eeff266c14e858e1088ca070dbc3e5a9a7b0bbcf884b1fa8d9d94a.hsaco
4	0	flyc_attn_fwd-acdaa956dc9346863b8c171a13716b5dbaa8dd80d65e8dcdc8f2237c9c5cf42c.hsaco
0	0	flyc_attn_fwd-c2e8cfbbff547662865b75161ad187accbcf6cd2bcbea78fd087118af71cee7f.hsaco
0	0	flyc_attn_fwd-9470746fe505161baa958627ac96b27284d656bb0652ea3f0de589b547c16599.hsaco
0	0	flyc_attn_fwd-762c9b9578bdfb594410b6752ef6ac4525f477417442a9628fd3ff19ca6857aa.hsaco
0	0	flyc_attn_fwd-bcde42e5c0e9272c330867ca1361b9aa057a6422a917d99971c364a8779dd340.hsaco
0	0	flyc_attn_fwd-4c297bbba57eb9ba6757f11ca3c3e03a11c9872a5e565cffca538fcebf60fe21.hsaco
0	0	flyc_attn_fwd-a748cf392f77287ce2da1d70944fd4c80f6af9f1d88b244bd9e84f0e74508c7d.hsaco
0	0	flyc_attn_fwd-58ed90d9b3c8320b233fad6f8d1e0dbdfa7c649d83f141ef5e49368950a41b8b.hsaco
0	0	flyc_attn_fwd-461e1b3ae8aef59966bc065eb58f4dccf8cba7fb51b5476706ce7d6f8719ee5c.hsaco
0	0	flyc_attn_fwd-09454831290aff71ecc533c53380851dc5a047dc8dae706219ad1d6c5d8ec4cf.hsaco
0	0	flyc_attn_fwd-8bf4b188f061a240a2853d7db730ad8a522f2d439a6f955e79ca6ef11456f5b8.hsaco
0	0	flyc_attn_fwd-d01b2483da64b81f2aec21c14e5d692dd71decc992f8d41103b25442ea4f5542.hsaco
0	0	flyc_attn_fwd-db4104ce6155fab4bbb52e0e11658b28db4b39412cf8e9d4dd8a9669b9c198e7.hsaco
0	0	flyc_attn_fwd-e75cae2c2c40200fe823a4183bcfa9254f7d1ed11937d58958c4fbb98b5deda4.hsaco
0	0	flyc_attn_fwd-fb50b6291b42572ee641c04c2bea807e72d51ef4473829bcd16d62d2ada14683.hsaco
0	0	flyc_attn_fwd-17fbcb1cc204359838e8bba5034fb78ba4af3d110ca9be3a0f91c6b0523b48c8.hsaco
0	0	flyc_attn_fwd-b84a1b252401421a7bb1906ed164b4380856d1bddb42f528982ae98006b753af.hsaco
0	0	flyc_attn_fwd-fcdabd22b6f04d63e552f7988efdaa482b5e629fb2e72d6ebe1db0a6d96b062e.hsaco
0	0	flyc_attn_fwd-b40bde1002a1bd9e2268e73a97a75f63ffea332feb539cf1eb88579d7b59cdb6.hsaco
0	0	flyc_attn_fwd-faadb45851f216bab1a45533fa202174648922995a8e1ad24822bbc6f7a21f45.hsaco
0	0	flyc_attn_fwd-746979953cad6e19a4dbb762d873cf121ca19daa6b3269ca182c1963e9949126.hsaco
0	0	flyc_attn_fwd-127c849d6c81eebfd923f7650f37ed28f5e2351af0be856cacfed94edb1f8a01.hsaco
0	0	flyc_attn_fwd-4aeed47bc18a68bf070f423cca05a3d53c9b329e6e72c5e0c7a2d2fd27b65fed.hsaco
0	0	flyc_attn_fwd-46efa70cd4db7c7e4814b26745189a7b47bb1059e1ce80849ee294129529ad7a.hsaco
0	0	flyc_attn_fwd-452110a61f94b9a389e30fedef3f2f1ed539b1850e60143b6d4803a282a9a6d8.hsaco
2	0	flyc_attn_fwd-10746446ad1a2c96a830b69e3fb00f5df00a009ff101aa7965f9f0c6b8c005f2.hsaco
0	0	flyc_attn_fwd-3e46fae8eb117afd021fd3dc095628e2d1616ab37b8eeded82d3f9126333d093.hsaco
0	0	flyc_attn_fwd-a131b216bd14d9127d6fffe92778fc0876586520f98e337bc4050b3012d8a764.hsaco
0	0	flyc_attn_fwd-4951d2cbc1d72a7c8a3d22b073a1397a25f0b8215728f98070ce322ca49bacd8.hsaco
0	0	flyc_attn_fwd-b85d7d62416a54d59a84de55f7e4c8854feb9bf932aebbbbf7ac936388f8ed1e.hsaco
5	0	flyc_attn_fwd-0947e0c99c190032d99e1ed950a71c92b250f3d9ee255b3f206a8a32cfd9a985.hsaco
2	0	flyc_attn_fwd-f8ea831256222ec4b07c178d88425b8a01f4cc7d87b4badc754f49325fbafbfe.hsaco
0	0	flyc_attn_fwd-99a54d7debc5eefb922fbd940d2ca9014d3ac936265d369c19478114d47f6325.hsaco
0	0	flyc_attn_fwd-3eb3756b2cd694f65ef210dc7a83d5513661849b3a213c5bd13b156cca47587f.hsaco
0	0	flyc_attn_fwd-35ac080d2b44ff5826c54223e4c32bf5df81ccc4b127b437ea14fbf19215061c.hsaco
0	0	flyc_attn_fwd-5066ccfde21c717ec8203477892e35249139a417549466c217c87ad110750af1.hsaco
0	0	flyc_attn_fwd-e624fc9f31df73c86c2221495ae30466179887ce7cbd501c50a128f891af01f5.hsaco
0	0	flyc_attn_fwd-2f5d6234a2b4ef6ddde3016fa703a33d40e1b8e4b92d7573b20bf01b531affd3.hsaco
0	0	flyc_attn_fwd-ea02c71abe88de7972748b2a56a696a0af7a12927f1411f678df0d62669d7135.hsaco
0	0	flyc_attn_fwd-b23e3ccc8be6fe0582ffd6dc403c59ccd34cef2231b0bd0a653c93fcd85196ff.hsaco
0	0	flyc_attn_fwd-ee73c0156577a56eebf308d42eb65b68ba20b75ae9f662181f05652e3ac88542.hsaco
0	0	flyc_attn_fwd-dc800d82b36e1d3b005d5e4eff4cf0cfd1917992563291e2845fc470d0580572.hsaco
0	0	flyc_attn_fwd-7f862d84610b77582abeb76219394e1a02f8ad56451eea28b17de62521e91fa9.hsaco
0	0	flyc_attn_fwd-7400aaaec463ac0dda01ca401a2a7274b8b2e7cda2a854338159963aa3602c83.hsaco
0	0	flyc_attn_fwd-7afdde28ef91df82722144bf891bed6808772a93fff481681e59d9dd47a68d9f.hsaco
0	0	flyc_attn_fwd-dcc810df271b8142c35c071fc75627f0a1926a8f375500755eaf657003462f44.hsaco
0	0	flyc_attn_fwd-f1eebd978e8e610f1702abcd86037c2579b77db8a3c02dffe24b16839323d067.hsaco
0	0	flyc_attn_fwd-33225d767556e34a1807fb964b03a0b2a2ac1a43bdc854776d86f4ee1f75e204.hsaco
0	0	flyc_attn_fwd-b5216f0befe20109a4e785cfa7f7814467e5350f238583574ea4311163a824fb.hsaco
0	0	flyc_attn_fwd-9333441becdf142433a310a3d0cba0d3d6bb6c985a7187900356e175e66e6ba9.hsaco
0	0	flyc_attn_fwd-35b5fa552a365e78eec65816d67035448e6174505af9eb66cacf7631d2423956.hsaco
0	0	flyc_attn_fwd-8252dc324fb63292074201dc9592e722324d7f87fbaa6fd5c63d34af85ae8122.hsaco
0	0	flyc_attn_fwd-90649fa2bce5c4aa0bf1a19d046c70bc3e7a881f561a94d53dcf52bdcb2a73e7.hsaco
0	0	flyc_attn_fwd-a1c40a957b1426f1a2c8fe7d3a3cac32d39a43b18817e03a00533ce699748092.hsaco
0	0	flyc_attn_fwd-c7629af1e5cf1d94311279bcd4a875f8bde7b9f5d259b0899e3dac8deae5c44a.hsaco
3	0	flyc_attn_fwd-7f712a3f5749c9a7461393641279be837211fdaa48b5da7adda43a0989bb5147.hsaco
0	0	flyc_attn_fwd-b7cbe3bfc94db72e7a2c025a5c1fb0c1427da0d5d0ca4fbba07833df3f7212e2.hsaco
0	0	bwd_preprocess_varlen-915409a8017c7b193c405d615a07237eb77b53f3247b8a7fe84bb1931a92a04c.hsaco
0	0	bwd_preprocess_varlen-4e800d2c76396ef5be65c6a48700a4071219925350d4c980720889c9e66605e2.hsaco
0	0	bwd_preprocess_varlen-e270bb9eb590f710cf61d32dab0e3b6dd6b157612e787c01ac7b6bcacf67ca82.hsaco
0	0	bwd_preprocess_varlen-5f06bb8574ac3f3419e179f6b5d30eeee2b2861a97afbb91620c05208ab068e5.hsaco
0	0	bwd_preprocess_varlen-2373dba6c2872a13ba632eafc68973576ca5704da58500d57a12b955f466992f.hsaco
0	0	bwd_preprocess_varlen-3649af6a90fda308ee050aa1e41d5f4548c55ea5890cc8ca71a32628a951db66.hsaco
0	0	bwd_preprocess_varlen-2df3db733d073560867189406fab48f3e0df378cfff105c90396f33777d89944.hsaco
0	0	bwd_preprocess_varlen-a104f9f0422b98ca977b6245f8c1afbd53d90e98f926cf26409fe7fa91dd56ff.hsaco
0	0	bwd_preprocess_varlen-2cb817df93e8deaabb0693b7f25fbcf3c7fcec3ffa2b7789dda24f9568621942.hsaco
0	0	bwd_preprocess_varlen-4ec0435bd6a9cbb7f4cef978f8b77274e6bfa92bb5f5bfcd721f40498ed25bf9.hsaco
0	0	bwd_preprocess_varlen-ecf36ddc224a89c05edca7a18b9d18425a00a415fcdefe6a525a235aa24ac0a1.hsaco
0	0	bwd_preprocess_varlen-fbc03f7bca05ca492a07d59be17db885a612cb90f43afbd1d38cb1d4a58d7572.hsaco
0	0	bwd_preprocess_varlen-9d8c896407dc37bbe2e7d00705db279d4a3643f9bb13640b9501f66daf8a77ae.hsaco
0	0	bwd_preprocess_varlen-172c5538a8de5d92948ea2349c4ab1780ab35a3d9e5966d86051e4e6a7690730.hsaco
0	0	bwd_preprocess_varlen-56ada68e92331700cb880cbb535ff451a31d4231eb9fb2fcaf7c564519f30e5d.hsaco
0	0	bwd_preprocess_varlen-b26294b42472bb7e809363d9eb1bd534dacf3ea3c3805da5c671a572ff7a1cda.hsaco
0	0	bwd_preprocess_varlen-0da67d49d0a618b393f23f4f9af409d1b85384f8cc42f380ab5de0bd4de30ee1.hsaco
0	0	bwd_preprocess_varlen-3ec8179ab7915fe343f6eeefa982795c41f6d0ae7227116c55af218c741fe04e.hsaco
0	0	bwd_preprocess_varlen-a41159a47552a8d50e3fb6532e38edb1e7b26a1774b951119353623c802b3bf7.hsaco
0	0	bwd_preprocess_varlen-83820f45acf219a2d60a1ee928b5a840ffcdbe4ad40abc4cfe74dce6b7b4fb48.hsaco
0	0	bwd_preprocess_varlen-9beddfcf1a89827e387477ecaf5eba34c1dd397f1cc776328d5bb428225d5448.hsaco
0	0	bwd_preprocess_varlen-cf3a785cf672e5dfe9529a232f4d4c16a585c0be71566b5ae147b682e3936c4a.hsaco
0	0	bwd_preprocess_varlen-75e25530cd8276dc476871e8751c50e24018b11a9d91302b47da57e96ed7f875.hsaco
0	0	bwd_preprocess_varlen-8a7c264397cb9f1cd3a84b4239aa32cfe8aa44352c880cbe1589a5c6dfc3371b.hsaco
0	0	bwd_preprocess_varlen-20a719cbb52ffe12fdd874f4edb1ecfac025ee182e634c50f96928c8a355a0fc.hsaco
0	0	bwd_preprocess_varlen-5f772db44e8553e8ceae39b21c4fdd76a559857e30bb367b121622d5ae696897.hsaco
0	0	bwd_preprocess_varlen-00d1750d2258986143e99fa2a550378ba203f673deb0bbad9f2519a7d71e8376.hsaco
0	0	bwd_preprocess_varlen-216ea7797caf739171887b392de7c3e6a618fe1251c87135759cd8576ca3a355.hsaco
0	0	bwd_preprocess_varlen-48b305daa74db7210f9f8729de573a95577064f64bc5c05afcab3fb15596e835.hsaco
0	0	bwd_preprocess_varlen-e7d156c6cd087a2604c650a24a9afc0cbe20bb137d431fa41567b8cd711430c8.hsaco
0	0	bwd_preprocess_varlen-be33e8219a26b6a1108dc6948c0c0fe72809e41c93f8c1accbedb7791836d4c4.hsaco
0	0	bwd_preprocess_varlen-22ab1e9a49787b962b34f335d5a7a2132586ecaecf81cf9437657ad62bc0b847.hsaco
0	0	bwd_preprocess_varlen-214eb30f14d8ac8b041bf6ddf6402bef33703d0c36abef830f62d6f7c963a86e.hsaco
0	0	bwd_preprocess_varlen-290bfeb67b1a71921fa741a400ec31ca9ad65d80611f4bd4efb27974cc2c48d1.hsaco
0	0	bwd_preprocess_varlen-9c7b4c267338dac1fc23e149f92bcd20eda4a60db09147570d2af8d34238cd4b.hsaco
0	0	bwd_preprocess_varlen-460046e5c5d9dc67fe655a8bc41a6e2b7f0619d0cddb99651d634eb6a18a0119.hsaco
0	0	bwd_preprocess_varlen-388790f97829bf3231b23bdaa9570394e04ef298bdbbd759c8847ce8c2c57efc.hsaco
0	0	bwd_preprocess_varlen-3509b097e04ff99e7c836a38ac55247b6149264a0eb279f28d99526602dd8aca.hsaco
0	0	bwd_preprocess_varlen-9f6060565608db805e3b0aaa8478e7e0a3e67e710615989e68ed199288028308.hsaco
0	0	bwd_preprocess_varlen-e029cf837ddd7f1f0276cde34bf383fdc0e618ac188125609679a1f9ab6d5d4d.hsaco
0	0	bwd_preprocess_varlen-2ac378a2dd0f388c068b57706772f14cde4f1a15b661f541b95f08ddb9fba716.hsaco
0	0	bwd_preprocess_varlen-44340ed87371e0309aa768892f8c87f72ed826ec2656169f6876e9c243736ea9.hsaco
0	0	bwd_preprocess_varlen-1464c9b938aee82dfb5dd2f784b43cbb28425d87560bcdf35b5c888c884fcd1f.hsaco
0	0	bwd_preprocess_varlen-24c6692398b25bbf964b8d7904a43e1e8bbb218b8afbf2082e867a8522dcec7d.hsaco
0	0	bwd_preprocess_varlen-41683fb588b2d970b38616d109c3497872a467967f2eb82f7a5d25909e1cf2fa.hsaco
0	0	bwd_preprocess_varlen-f0c85f3c7001c3a3ddca6d22a7f239d77f6ce9a0a2f0ad076248352daee4dff4.hsaco
0	0	bwd_preprocess_varlen-41a0409fbd9e6f727debe96c7b47551712f1a6cc023849843ee18fa84a6ea156.hsaco
0	0	bwd_preprocess_varlen-f480030190db5f27d9f2def4925ca4960a208b04b7af4e9ee421f49a41e4eabb.hsaco
0	0	bwd_preprocess_varlen-2bc422739f742a19a095deea702580acaa3c9472050ffbad245aa0507f5b2cf7.hsaco
0	0	bwd_preprocess_varlen-15572d6ba601b32dafd24ce519b35ab522f00218599f5c66041622db53507f81.hsaco
0	0	bwd_preprocess_varlen-8812ad3c7a06eab012290d85311c4062d7a7df07aa86d67d62d798ebab9c1df5.hsaco
0	0	bwd_preprocess_varlen-2dce114507bc0ec6ee44e79edc48870a48de6601f7e4ed3c058bd522492baa6b.hsaco
0	0	bwd_preprocess_varlen-661d3bbb895291b4dc61c4cf19d3c94d37508d345b65ce38904cd949e4f46651.hsaco
0	0	bwd_preprocess_varlen-6acd23ad12699af903d85b532675e0c3cadde88dbabe4a058edbce1049ac0f1e.hsaco
0	0	bwd_preprocess_varlen-b8c0449e4ced63991d24e7ae60e468a541f8d6fda379a4dc648f68df893eeed9.hsaco
0	0	bwd_preprocess_varlen-e88831c16102f9b714c01685e115aec22f3383217557b38dfdd54c130c17d3ba.hsaco
0	0	bwd_preprocess_varlen-f9ac948fa8451417aa793035d3600985b7405faf3d02e73d3625223c7b32aec9.hsaco
0	0	bwd_preprocess_varlen-52bde01a12e98a3207862a1326e7cbd556b52f600564fce014f6ac41b3d75637.hsaco
0	0	bwd_preprocess_varlen-c8f80715ee0690b87e6e0a337b7c6077e52b0b02b64fe189a42ac2cf56df39a3.hsaco
0	0	bwd_preprocess_varlen-03da6c587836f0158b3c0896b66869e3fc75ade691fa58765e058e27989331f3.hsaco
0	0	bwd_preprocess_varlen-b5f7bc2ce94ac129557efeb72b3c568837fdfccc5b9aa644e8b4978e0e79654e.hsaco
0	0	bwd_preprocess_varlen-862e08afcd01159e2d1ab0fee0f445f17ff43a08cb89c9638dec6b9326cbace3.hsaco
0	0	bwd_preprocess_varlen-c8bcd195d429b2f709cdc775e62cd618fe8ccd077a9997b00974604e4c124abb.hsaco
0	0	bwd_preprocess_varlen-a0d935bb7639fea4ee847ff4beb335f106b847df00bf43ae7810a853896feb57.hsaco
0	0	bwd_preprocess_varlen-347a1ab864ab75861c2da9b35e512445861740eef0daf03158b6f433873ed148.hsaco
0	0	bwd_preprocess_varlen-11d3de6cc17558111a05e9195ffbfa395efde08edd9cf86794b24a24c3c5ae7e.hsaco
0	0	bwd_preprocess_varlen-fe470965b216a9b16786ee42ecb5a8d061f5d7b04ec7451ee134b74a5458d221.hsaco
0	0	bwd_preprocess_varlen-63ff19ed053f909a3d85c53569ad8eeaead2d4f1c2d82d5b2b9b647471e2fc31.hsaco
0	0	bwd_preprocess_varlen-482b5a2c4d79a4ead0232eac39b301cf911317591bc69581006fdcb373c2404e.hsaco
0	0	bwd_preprocess_varlen-db37f3f3aba4f6912639b83934d68ad4151f420119f32fc51cf5bffc33ab3882.hsaco
0	0	bwd_preprocess_varlen-53e9af069008d493e2640539ce820bdf670a345470fb0cd50550d8d81b85b3af.hsaco
0	0	bwd_preprocess_varlen-fca329a120cf603e5d6f149834ef7ce37e691e691768c5b81721959ececf1c43.hsaco
0	0	flyc_bwd_dq-387e66ffe409c5d8e79733b8eff9976d785344473ab9edbfec18784025cc4f62.hsaco
0	0	flyc_bwd_dq-8e1b7613866aeacbec2f63e43315ddeba99b19247149337f31486af27054d53d.hsaco
0	0	flyc_bwd_dq-578da9390f24f76cc8030fb332df8dc761b1c74a418e4b47ce84b1de1ee1ecde.hsaco
0	0	flyc_bwd_dq-ef6872ab63016c2c36795d22b886a4d158bf16708f73949db5a41d2d1e827772.hsaco
0	0	flyc_bwd_dq-0b33c0fb3a5a0302bcdf48e55e68c39a0598e72edce09b2458ed0833bd4bf7e0.hsaco
1	0	flyc_bwd_dq-b472c906ba2dc119614ae5a602ea9b98c27e36dee8f198a0bfdda06854991787.hsaco
0	0	flyc_bwd_dq-7957221da74011ce06e76c8cee29405cb89dfab99769d3e0ee396c94e757a7ff.hsaco
0	0	flyc_bwd_dq-78b8db66bc36e3631c6170a89e588648a40297bd7a5e43a187de6b916d5b8f47.hsaco
0	0	flyc_bwd_dq-5cc3b0e9876512d59e4821abea30437a48a72e04e8ec9eebf50d2c055ba1e8d5.hsaco
0	0	flyc_bwd_dq-7f38b90ee35015d232d96b9ad24dbfb8fd4aca42d82cf576883ff5953c3030b6.hsaco
1	0	flyc_bwd_dq-35aab45bdcdd4386a2c8a5b96eff258dc4bbaae4dcc6cddd7966d0f2a1b73f92.hsaco
0	0	flyc_bwd_dq-69bf498a6b8009c3066787d572b38064bb8ff2499d5f020cba85a949539f387d.hsaco
0	0	flyc_bwd_dq-f336230ae52003d404c90e7024f741bd90d8de060d8914c9898dee8d38ef3791.hsaco
0	0	flyc_bwd_dq-92157f09205bd0472a716f0bd3bcc3b86c047ab3541948a1ea469bf43e2ec3f0.hsaco
0	0	flyc_bwd_dq-a0d2eb8cc7feadb2bf7cc4f9b7aed8536345acaa94b73de8a56623516a9e1e45.hsaco
0	0	flyc_bwd_dq-e92b6f1d64f93f0be7c4986b96a2b68ac20622b81878e728a26b3dc16885b586.hsaco
0	0	flyc_bwd_dq-7b0e353ba418c4d9ecd47800a1b519013cd239118f6bc2bf2871f0c4316736d3.hsaco
0	0	flyc_bwd_dq-0f926584872583835d5fbcdc1d8c22dfac80bb8717942bdba41021c3c1b721af.hsaco
0	0	flyc_bwd_dq-4d0907fc24885460129140a5e1206818988720b34728e33c91544e56bceb8760.hsaco
0	0	flyc_bwd_dq-acb9a59b45e5cbba8892fc09e517a358a9a8bb0d3e101367dec03c762347bb1f.hsaco
0	0	flyc_bwd_dq-7b7e03417233c4c060c08a16aaee1e6204161a78c7ae31096547d2af3b27498d.hsaco
0	0	flyc_bwd_dq-7beedbcdbcbd7669d34c1f00d82ac7907c9679d9a46e6df927e4c32cc272b9d8.hsaco
0	0	flyc_bwd_dq-0921b4414c85b3cd3e682331ae97109218ca370dbf337c8f6ae2cb004a0a011c.hsaco
0	0	flyc_bwd_dq-4affcc9dc0f8ed8d8351d1f2a32ccefd9416cffbefdddcfc1240edb95a79057e.hsaco
1	0	flyc_bwd_dq-bfba5462d177504a5b9aa46717e7ca00f186b81cb6053f6113f5d9569c696825.hsaco
0	0	flyc_bwd_dq-8278a891f40d82454b74464345e2dfff5cfd075e91853abe37b08d9a2e5f668b.hsaco
0	0	flyc_bwd_dq-1f541f39d2b64b50fd95f0066955366fe42e2097ba2c2efa7d3622c65480345a.hsaco
0	0	flyc_bwd_dq-f4e398bd1f312919b653180350415c9d105b15e5ab009bed6f241183e2f6efa2.hsaco
0	0	flyc_bwd_dq-15f3c346323b93a93a6a7b93825d0e515f916529d489464c1994eed333fb1f9a.hsaco
0	0	flyc_bwd_dq-306be811d0c58bb107227cc686be3f7b040fdc3d0e8a0ceaa6f1f757bb1943bd.hsaco
0	0	flyc_bwd_dq-0dd1e8af619067b6197316a284d14bf221de5ae2aea2c2623d4b5968cc3c9b59.hsaco
0	0	flyc_bwd_dq-94b5cb311bcf5578b7f0d91dececdf7c611ca40b6200d3f35a681f6e5dc79f80.hsaco
0	0	flyc_bwd_dq-c01ab60c8b19568f07bfa5b09323c8a11ae0b026a02007725324fb7c8024ad32.hsaco
0	0	flyc_bwd_dq-3c8da245a5ba1fd2c623df775becc6592a478e39913afaf78f270241e86cfce4.hsaco
0	0	flyc_bwd_dq-df50dc22b87d9c30c5241610c09d442d68ef096ce2c3b786d6592c62a7317dfe.hsaco
0	0	flyc_bwd_dq-b93b2769bb1a83238f64c8c47593621b7490344217de5bc4ded9cec5eb96a1b5.hsaco
0	0	flyc_bwd_dq-2a6cbb1c30323ead87f4ec174fc0d53928551eeb25866cfbcb645d3525a4e860.hsaco
0	0	flyc_bwd_dq-30dcddd77ad1ff2b255d9c92c31530a54680626e7ce7c881cee2ae7fd2b6a1c5.hsaco
0	0	flyc_bwd_dq-62c8e8756c23e9d05b13bc383a76aa8762b0d8bf7d54da9ad2893e64cb5b58a9.hsaco
0	0	flyc_bwd_dq-3336efb0323ca6f6ac577a6af2582039afcd12be5e117c4817689b5758269214.hsaco
0	0	flyc_bwd_dq-60423737c8f9161b473f494fe78fe4885e33d35775495be6c68e0efaa0e1a68d.hsaco
0	0	flyc_bwd_dq-e032bb94da74e28c6a104ef6436d59fd2ade07a65c0539504afe05a36182b9e4.hsaco
0	0	flyc_bwd_dq-45bf836c74fd427c21bbde378946e718154654bc31a8f4e256945fb27dd419dc.hsaco
0	0	flyc_bwd_dq-d0eaa00185927a0efa9adb3330f4a42e2e0f8242f7f339e916937ac4a942530d.hsaco
11	0	flyc_bwd_dq-090f69eb1b721bbbe6cd849c40240eaf28332671c6b1c774f25dd0885ae1808d.hsaco
0	0	flyc_bwd_dq-5cc40686171ca83fed78e472ede748128621f88811a66b3298bb005eea370f6b.hsaco
0	0	flyc_bwd_dq-6803ae0c93cb2b41c142b8e59489c394a3eac6d896752e10bd29edea100e7602.hsaco
1	0	flyc_bwd_dq-4f595137463924bf9a949882220f649d2a90baf499af1ec5ff7ee25dd911071c.hsaco
1	0	flyc_bwd_dq-46bc287bffd9a00ecc6a32ffbd6d25086fd457e3ab890be0b7030f5a19dc38ce.hsaco
0	0	flyc_bwd_dq-ce5e4700200ad0dbcefb9bbcd56f5fa4a779152dceb3d2b0e23b48d268400482.hsaco
0	0	flyc_bwd_dq-2de87c064e11ad0dd051f31ae8a331ac1205092283f37a17cdb5c6e41bafa708.hsaco
0	0	flyc_bwd_dq-fdf5dd981c470ea20f8e67d717da947ec22e08269326ff9dcaa218540cb7c0e2.hsaco
0	0	flyc_bwd_dq-f8043a3b784eb21c6c0369a4f4dbe48803feaed453a624ba55ddf94409718834.hsaco
1	0	flyc_bwd_dq-627b5915616f481bf5fc04925134a4a5fe61b4117ba01ee86fc4d5b82bc745e7.hsaco
0	0	flyc_bwd_dq-2e17572fd1eed8536786cb3760dbe6b461aeaf0c998bdcd2d0a599707dc71c4f.hsaco
0	0	flyc_bwd_dq-9388713405033a996a45068b962e326a7b6233ba281d026beb7c4dcae140237c.hsaco
1	0	flyc_bwd_dq-dd837ab482920fea836fed430917cdebea53721498d32bd43fa60bb75c785fae.hsaco
1	0	flyc_bwd_dq-cfeaa26b64124e8daa79952bafd83f235ca2bb67fe92af5b3dfaa67dda5cd044.hsaco
0	0	flyc_bwd_dq-115f077261ceeb7778e0e475b84a61589fa172f8a021d637d291dcf1368a48e9.hsaco
0	0	flyc_bwd_dq-aeb32d179a11947401c5ff6df56fa51dca3eca5a82ddd69a33fd2caf4a48fe3a.hsaco
0	0	flyc_bwd_dq-b19be1dc3b32ee3ba1e3cc624939a1be473a1cd3ca6058f3a989427d341503ad.hsaco
0	0	flyc_bwd_dq-9094174934df1c65f0d7f8595af22ec62aaabcfe0d2a3f9e7433be43f57c3e06.hsaco
0	0	flyc_bwd_dq-99594ab6cb4bffaa39b1fdcf933e6b2a7f8e51b53c21289ce4cb6567b455e5b2.hsaco
0	0	flyc_bwd_dq-b9a43c11f0abda332815317b67210ee347692946ca2027a06e40611b1041becc.hsaco
0	0	flyc_bwd_dq-5ace1440cc15e59e12388506f99af2beeb6ec8b2aaf67e6ff7eb85cdff025778.hsaco
0	0	flyc_bwd_dq-f341e213120101023b10b91a9257170a29a3d808431e3280abc4dcf3394dce18.hsaco
0	0	flyc_bwd_dq-2159637fedecfd1b752bd3a073dfd6603c79737ebe534929341393cc34689133.hsaco
0	0	flyc_bwd_dq-3f19b40541694e55bcdf2d3eda5fb755cdd2b252614543bca432d073e3c1f732.hsaco
1	0	flyc_bwd_dq-1e555cc7b97b867f2ae79d772d786dbc1fd8904bebe23e62b100de2afc856214.hsaco
0	0	flyc_bwd_dq-cd6adadb266eb1bb6cd9d6e52b7f85452453250127768bbb093ef50252bfdfc2.hsaco
0	0	flyc_bwd_dq-03b988dd083e3790679de683c2d167811ac416f7db8dce4355e8ab623eea09e3.hsaco
0	0	flyc_bwd_dq-27b8b72a277243e69e951fd17a4ac9f29e37b181c68c73e2b4ce7bbcc52210e0.hsaco
0	0	flyc_bwd_dq-d325d14e36621e8d345f2649188bda03fd459c153a93ea7d5133d83f962b16f2.hsaco
0	0	flyc_bwd_dq-b034fe1d1d56e8b38775ce91c5d4ed9e5297ed421b09c9bceaeee30ba71d1dec.hsaco
0	0	flyc_bwd_dq-1ce705ef56d3fdc41d6ae403ef95c5c67fefc4402c2aa9a6bd41888afbb96528.hsaco
0	0	flyc_bwd_dq-b22d18b154ff5e9944a98fdf1c6700f29a6cf35d78192b166100c2304a57ab62.hsaco
0	0	flyc_bwd_dq-83eeb91a937f50f3fc9d08e217bb20ff3bbc298b664eb65f593725e06f720554.hsaco
0	0	flyc_bwd_dq-f49444941b334b5553f6c15998eb0b20e7cce3bb4bf8f3d8819033727af78849.hsaco
0	0	flyc_bwd_dq-9e21407df482d2c6584c6b3dc5a4fd3e3c6594dc545fc84cb14054636b0d1c06.hsaco
0	0	flyc_bwd_dq-e0c45085d57c05d54928b365c25fcbb75cc883521d939f9b2fcb1e0a0ee9b74b.hsaco
0	0	flyc_bwd_dq-a798b2c3c0bf212eea583a0f12f7948ff662c9dbd40c3ffbff25b5f124ab2e28.hsaco
0	0	flyc_bwd_dq-1cdf4517a8a21c3b9a68d157fc38dc5256662da9bcb51598a7fdd332887c7787.hsaco
1	0	flyc_bwd_dq-54267e2ee9d65d9fb70053198c901dd1cf825331d923897c18463a4b60ee84b8.hsaco
0	0	flyc_bwd_dq-149895c0e27c4a5aaab53d180f864b02b887ac8de6546e3be5318ed4248bd32f.hsaco
0	0	flyc_bwd_dq-5c4528d6272208871dd28652ef9034a3c66e4700e7bcc0f914b062bfc82d63b6.hsaco
0	0	flyc_bwd_dq-8191236c66cd8a7962831e5574198fea9cebbba8350560aed5c8d90ec3e86b96.hsaco
0	0	flyc_bwd_dq-bf2d3fff20e20a16d1837d88dc331dd39fda48b69b90f407db0d3815b030b4dc.hsaco
0	0	flyc_bwd_dq-5a498d295ca8944829ee834744451c971b473ec9989107827f6f9f703f4cdb43.hsaco
0	0	flyc_bwd_dq-390f27296ded5501034d5fe87449d3b792a3a6c72b082db541b6260b038a7b6e.hsaco
0	0	flyc_bwd_dq-93d8c29dd250588a0ad9d07ad66a66a86f40f5ac66f730b7d7491d0e71b28c77.hsaco
0	0	flyc_bwd_dq-2e6711a4a8eee42873576d1842ed62bed026867c48a5f72b72a04e0718e0e484.hsaco
0	0	flyc_bwd_dq-f7a98abe33fbc252b322f84592eac93800919503a8ecf51a17d8cb622eac0e95.hsaco
0	0	flyc_bwd_dq-88872bd145ff109afa684072cf554ff9f280e9844387e596fa4ad8c40041258f.hsaco
0	0	flyc_bwd_dq-39379e2ea115f6ae594345ccbcf8f4ac8d148c658af39e7ddfebb37fdc78c621.hsaco
0	0	flyc_bwd_dq-42b6977dd0f0895e8167d066fdf6cfdd54a4d2b7c43e0592f2870db01077903c.hsaco
0	0	flyc_bwd_dq-83d5764e04d4bf1e290144b1dd1cce97d6b6047139bd85d73b3ae380a92d0658.hsaco
0	0	flyc_bwd_dq-53769a6e3f3ca3b31883459509129a44a50c24de7fbfd256f49261eda895020b.hsaco
0	0	flyc_bwd_dq-911740cbc2be03be0d8281d55e1833009db7691365a628c9b979730214afbbd1.hsaco
0	0	flyc_bwd_dq-5c8b8400d67b49a925fba7eac315a5b2ab4f4bacc104c2b0a7a94d5b07a38a64.hsaco
0	0	flyc_bwd_dq-5ee326d724762db1b8a5ad798ee3792b41798b15b6452ad5ebd2121357050ea6.hsaco
0	0	flyc_bwd_dq-712c41a4bd0f6985896bfb01625f70cb22b163691851f1655959d44c57402547.hsaco
0	0	flyc_bwd_dq-484e7c790cb90ff8ff25ad55233f68856bb37113aecdebb6124332f430b90b3c.hsaco
0	0	flyc_bwd_dq-dd0288f2398249316bef88c70dd4b9b32bef37324b1580c9c5da5ad25057322d.hsaco
0	0	flyc_bwd_dq-f40b26dd68990c0cd8e5dd1f2900735683b921a864be8fda648447e1c7469105.hsaco
0	0	flyc_bwd_dq-6bcbe5c121fa1f1530ce1fb7a2e6eb5f53545b05d23f6c0e3287f538ca3f99c0.hsaco
0	0	flyc_bwd_dq-1fe0b258d94af1090910f02763df142e39afbcda8cce1f588ab163f9f2b32843.hsaco
0	0	flyc_bwd_dq-e2ab5996467839e8a81c5b4df3d0c425d72874be32284e8c6edee12ed6c9b63b.hsaco
0	0	flyc_bwd_dq-bcd8a61721364c3194be74c826e4aa7051f6cefe5318826062085cd50bfd899e.hsaco
0	0	flyc_bwd_dq-3fbd972699b0dd1dfd963ab0d6a1bf0d3df57705e31642dc7e75bceccf860295.hsaco
0	0	flyc_bwd_dq-aec9bdb14b6be76621690687698524637438206e2594b0f88bbeef10fda80032.hsaco
0	0	flyc_bwd_dq-d9fe0b90d0adea84840ac95aa3555b4983eb0302e8fdb0477a412251d3b53e7b.hsaco
0	0	flyc_bwd_dq-68b6cdcb943700b3f87f6cb3cee2e2b3974a35db94a64e904a94a5466ea1f223.hsaco
0	0	flyc_bwd_dq-2121dd4693208384ea47957391cdf4c1e75ef0329f518232dda7ec0fccb45e9f.hsaco
0	0	flyc_bwd_dq-ad533f3c7d979e3430b4923607c3ede986981400631ee8798868d445a3aa0147.hsaco
0	0	flyc_bwd_dq-780c3373ed3918ecb478580b7a78fd3aa07aac6fec0d7283a9ee9d2ba3b865be.hsaco
6	0	flyc_bwd_dq-4cfa88979154f3a2db0f649f2f8f224627b8e92af7ffd5ed95847abbbf339f97.hsaco
0	0	flyc_bwd_dq-2ee44fadab7950312e6967667a047de9593d33584a953cf3c5432d19ec826902.hsaco
0	0	flyc_bwd_dq-740be758ec111a934de77a2475efad3ba189a26fc7dce9d49cb32c937442e074.hsaco
0	0	flyc_bwd_dq-174ae2dec4ac0512c70db5190791c574a850dac5769bc137f8b7a45fec1c9703.hsaco
0	0	flyc_bwd_dq-3163be52dedc0f030a2fa5e04ce28afbc4d30d8a85e0cf741fd27d9f70ecc65d.hsaco
0	0	flyc_bwd_dq-15c753dd78dcadb9a072b0888e303ddfd98460909525ce539dc7f38d2ea65a04.hsaco
0	0	flyc_bwd_dq-57193f0bf9961bd6901931fc60f85a979a66d54a24ea2e495fad1500d47d5c90.hsaco
0	0	flyc_bwd_dq-a9babb308c27629e04739fe08738caea16052f351100ad8722b2cec53883d8d1.hsaco
0	0	flyc_bwd_dq-f4b8334cee0f1c3ba6a933a96c852d683e615d074bcc43470116e98d25cec11b.hsaco
0	0	flyc_bwd_dq-a9f1abebcb3ce2cc948878c9ba36b7b29e9f717f6f25f309ea1ad8dd1ce7f63d.hsaco
0	0	flyc_bwd_dq-5b005e3fe3e3bf1b6375bc2e2df1aef7a80204ddd42ff1abe24eebbbc3ffb901.hsaco
0	0	flyc_bwd_dq-7cdf00010893cb91b63788050dd3bb87eef63dc7a0d227108433c75aa5ec9317.hsaco
0	0	flyc_bwd_dq-c33bea4831bab08b00644bea12ed2f0538df2a033a8d510352ee874ec8a94ed6.hsaco
0	0	flyc_bwd_dq-c36a82f85da7af1f7c603d61893b1587a362b1018095b1d127d1c75236ff2155.hsaco
0	0	flyc_bwd_dq-42c239a5b19c954a5944d0963acfa8095bf7bf863886daad76eeb28b4977997b.hsaco
0	0	flyc_bwd_dq-4abeb4995f963bdb882e2b984ba97cb6413ff2be9358c6697b782a7934805fec.hsaco
0	0	flyc_bwd_dq-17a14037e7d017925e53d3397bb8f2aab5848291e0c858b7cfad4f527821dafa.hsaco
0	0	flyc_bwd_dq-ac3db419c47749371b73594662d30507c35245600b303d1f6665c5320a0bef42.hsaco
0	0	flyc_bwd_dq-59ba982c12a4938f9a8d8848266dc9cc6d9d9bf7bdeaf1395eaa421fb3dadf12.hsaco
0	0	flyc_bwd_dq-ea5350c5c4c99ac74591d32595ec81331fa29608acc9b741d2624800b6921ef7.hsaco
0	0	flyc_bwd_dq-1a2afa4a8d09a90c8cc225aeee9655f1f64f33131a6b49dd9418bbd1ed96287a.hsaco
0	0	flyc_bwd_dq-428b7574d154f08b66906af755ca81656680fc78589d23bf5c79c85d7a81d104.hsaco
0	0	flyc_bwd_dq-f34d766b4327fe39591932213e89dc0b234aaa48f563f5911f21b81bc36981e5.hsaco
0	0	flyc_bwd_dq-36c324a6eda77d3c283c004417d1d56bde5d28d1f3d19940f21361127fb2e4c6.hsaco
0	0	flyc_bwd_dq-e019d6936a4320ddf5d0a1e4026cdda13447d41b16ddb7cd10aac56efa8c4799.hsaco
0	0	flyc_bwd_dq-ffb76a1365917e11a90e810c25dcd5d595f75a0a89f2fac788a5217dc96e10c4.hsaco
0	0	flyc_bwd_dq-27101bea6c996311ec747de24806a14c2a3aa028ecd6732291a036e115fa4c43.hsaco
0	0	flyc_bwd_dq-3c92cdc4220bf621d3feba98deed8e55f28b78714e30db2054599e45b9233e93.hsaco
0	0	flyc_bwd_dq-5e34089ef0580132af5e1de4a741943b4f7118cfbe2941955d22cf53825ea940.hsaco
0	0	flyc_bwd_dq-b70177fd2b9320830b664976265b6b0e56d4a0556b8f8794079b6b65ce400a55.hsaco
1	0	flyc_bwd_dq-7abdcab2c99d7951e74f32f55621c65bde54afe4921d249dbd29bc861ffa272e.hsaco
1	0	flyc_bwd_dq-7f1c321ee84600a543cb7bd09e94dffb25feb61e66a0ed835a718c98da9d8739.hsaco
1	0	flyc_bwd_dq-1e8cc70f0f542e5dcae2519b245dfdcc611de93896fef5e6bbbcc6207c6b6304.hsaco
0	0	flyc_bwd_dq-0888c6b25c0b45b2baacb945fb28f4d03fa5bc1474c53047be48d4d750a9670d.hsaco
0	0	flyc_bwd_dq-aa2ffd865c498bb05be9f9ee39a83f0e6fd923a261f19148f61ad28f7c5536db.hsaco
0	0	flyc_bwd_dq-7200e13aeba23158a1a7eb36895ddf66eb6ef944ae8f94727b7d6645ae40abb8.hsaco
0	0	flyc_bwd_dq-5bdaab21d263dac9da2242364c909e1762e3d39f2a9592e7e5a7dc9b15273cb2.hsaco
0	0	flyc_bwd_dq-66f151d31405c6accfffa330db9b91bacc5f838b16f04a2227a8250ba0656a97.hsaco
0	0	flyc_bwd_dq-0f8151118e185dd75d17d7258f659169d47de607bd2a46185b37e053fe43a803.hsaco
0	0	flyc_bwd_dq-8ad9ac16abd244e3531ea613dd095a5d7c466edab61a1c67d515573172ab29e7.hsaco
0	0	flyc_bwd_dq-5bf178976bb2dba1ea1312937dab4da989c5cee643c8370e8830b889d71d0499.hsaco
0	0	flyc_bwd_dq-466f447796c283c6dc270b606c67c76df976a6261962cf8d600fdf113a7b8e5f.hsaco
0	0	flyc_bwd_dq-99076d93638c0921c32f139e1f20e63c315cf5a2835cc985086257926c3bbc67.hsaco
0	0	flyc_bwd_dq-c2efa92e5a8b08e46bed66d58fdd76ae3a3d4197a19ab3fdbfde469647f3106f.hsaco
0	0	flyc_bwd_dq-d4dcd39a1f7308e8c7c006ec0cc44992c8de1029cc75fa8de0f58940c9febe7b.hsaco
0	0	flyc_bwd_dq-e70d53821ad43cc83f07eaa0dc83166a99c351ab6d83c49e31a64559cedc0706.hsaco
0	0	flyc_bwd_dq-22b8886d3a15a737714afb24b2a37a806c8398fa86929374175ef351ee632c0f.hsaco
0	0	flyc_bwd_dq-fa0d153d33dc1057df4aba2776faccbdaf2cb04e02b72cc5725595d4f106c2e7.hsaco
0	0	flyc_bwd_dq-e81e6a7d124b35d8b0b914b8530d1fd00744fc23632ec4b8483ddf94b779b3fc.hsaco
0	0	flyc_bwd_dq-204d4d7bc26b313a557e70355464d969421f13ccc94f890018f77aebf09fde48.hsaco
0	0	flyc_bwd_dq-80a749ef88aa7edf853c657516c92e9464832bc9b403075a9505982aa44089b1.hsaco
0	0	flyc_bwd_dq-89f742f7d9c321c8ee9b8558ade129a45b7c49398432240891b73213beea59bf.hsaco
0	0	flyc_bwd_dq-8386f69173d26bef8d102eb8bd6fd6502a03789a1e51ea50e7d41d6aa00ef91f.hsaco
0	0	flyc_bwd_dq-672e21700152bdee3ce89408c1801c7d99ed4db8ec78a1d207c4ab74632a6ef8.hsaco
0	0	flyc_bwd_dq-fd18977c864983317e0e787a7ab48c6e1e7869ceadffaab09fcc561237fccfc0.hsaco
0	0	flyc_bwd_dq-b55487585a893428e9ed4203e0fce462c667e34714a4357348c7b44f0707877a.hsaco
0	0	flyc_bwd_dq-0fab17579490bc37626ef9e9e1d95879b919da5ec557b972caee8e94df99be79.hsaco
0	0	flyc_bwd_dq-4357a78ca46f2cbe25ae3853877647d72d671c20d78f2b83b9672770a227b8be.hsaco
0	0	flyc_bwd_dq-3c177f4217d91f27ac7e67e43bd277d0af33dc93ea1d6d75df37384a3221f09a.hsaco
0	0	flyc_bwd_dq-5a5dfeec32520034b5e324122b21c1b544826272853c45298daf259d042ffd27.hsaco
2	0	flyc_bwd_dq-ecfdd5f6fbeb6453cb2359c36f792391bb2e00d248bc521f682dce5b81fd3efe.hsaco
0	0	flyc_bwd_dq-a46d0646557ab0f6b7ed640e9d101dd0496bbfb5149026e077ca94f8f0cf2d33.hsaco
0	0	flyc_bwd_dq-9ff7547c77959b30ac0169a851da30ea066878772ea982ae0c6ce335f8bc4cb3.hsaco
0	0	flyc_bwd_dq-ac2f1845310422a3e78f292c61efd5b07c1557acb7fa58141b20698cd35b6b0a.hsaco
0	0	flyc_bwd_dq-4abd072224a8a5b53c342c7be2ffb5e3a277ec49fe4ee5204ecdc6afa8a0068b.hsaco
0	0	flyc_bwd_dq-79ff064992a47b92bf35d8828a4a96edab49190230b3bc1e32d3678a4b9be1e4.hsaco
0	0	flyc_bwd_dq-f2d31838ef242ee62ab6e5fd5f1844b6a79bec57ccd546b621d1e00478f741cb.hsaco
0	0	flyc_bwd_dq-35500dc5b32f17d61d449c2935625a3c159fb96d24a9d204ff091098b12babc6.hsaco
0	0	flyc_bwd_dq-4b9f09b0ed5c98b02be018a03256faeb25bcb50a60052cd0a26c1423f1034feb.hsaco
0	0	flyc_bwd_dq-1d2a62abc467a7e752b354f3ae33e7bfa423db9b7544bab413f469e50f35b5a0.hsaco
0	0	flyc_bwd_dq-81302ddd0d63645577c55872c0665c40769c043b6683ce12e1d5173d7cdd75ab.hsaco
0	0	flyc_bwd_dq-b113d5fb55e0e10e8df45e9895b17f340095aae74f316948189a160e1b483a55.hsaco
0	0	flyc_bwd_dq-2e9b9c9ce76bc4a11e9e57a6217cef89bb42c582dbf6c87a1513bb2b190c82e5.hsaco
0	0	flyc_bwd_dq-fa2dc3eddb6374cae0b664bc4905d7d5cc25f282411a14897aa25d5cf25b5574.hsaco
0	0	flyc_bwd_dq-16293a875884b8bf2c3ba0b3bcbac2490070edfbb3ffb4fb7c7aeca090e35904.hsaco
0	0	flyc_bwd_dq-e41fc585e5135b2a423d7f8f118f6312557f0d4a4c5f46fc0f0a19c86db97194.hsaco
1	0	flyc_bwd_dq-4c95ea5fd916e98d715cf31eacb78ce52841af34b35c15d51a6d2d0111e873d2.hsaco
0	0	flyc_bwd_dq-b7683cba7ddefc2e840837f118290f5386f55f97f79a11fbcf9aee0ea28832aa.hsaco
0	0	flyc_bwd_dq-826490ac8eff315aefdc74cab3db6f57a09cce0853bd25ff0029f139eb26a1ce.hsaco
0	0	flyc_bwd_dq-08badd890f769cb863658e2102f2d3b802638482960206d7c90027607c01afbe.hsaco
0	0	flyc_bwd_dq-f0ce610fc19403f5ccb22a79dce10da7a023f354dd07469b9a041863cc286e02.hsaco
0	0	flyc_bwd_dq-da2e1ad1a333d55100552ec951876e2bffc69ca22923255c0e45e05f550070b0.hsaco
1	0	flyc_bwd_dq-d19562134bfe9fbcb2ffab1eddd182e7d63f7a0976d6bc59a078c8ed1eebb14c.hsaco
0	0	flyc_bwd_dq-679eed93a62bab80631eca5e5e7ae3a21f034921941a0c760f4353bdb00869f0.hsaco
0	0	flyc_bwd_dq-3f2a910bd3827bc1ed6cebe99a92e35fd081ab4a1d150cb94a1ab5e04f3b38a1.hsaco
0	0	flyc_bwd_dq-e9c17dd2ab01a110b2b8df38cce864dd1e8f32497e0a66e9eaf63a2a0400fe6f.hsaco
0	0	flyc_bwd_dq-b9f55928b33a3eb66306e410c5bf40257ff451a9e9a5509e1691f33aa30aee8f.hsaco
0	0	flyc_bwd_dq-d8284ff15f7de9baaceeec0a2ddbe9b674ecebc0d834c788218bbbe9471f027b.hsaco
0	0	flyc_bwd_dq-66ee2f61f19f3f155aa0f777a3f71081fa8e4f88927a5fb063a8b85e26686e26.hsaco
0	0	flyc_bwd_dq-021550304a2c9b20194ac47f82b4a419ddb95dc51edd4f565ca6d5ffab1fffd3.hsaco
0	0	flyc_bwd_dq-5328fd8277a78f41d98c5f1df1c88649a54531bcba5c84808fb604b25fb6bcb7.hsaco
0	0	flyc_bwd_dq-2ed52ca9d66b68c57131c75770dbd9e32d377fcfefc213e595a6dfb56988d008.hsaco
0	0	flyc_bwd_dq-c530285600a723b45c72a44eece6705a1fd1f4bbabb0a248e5aa801dd80e5ce5.hsaco
1	0	flyc_bwd_dq-2bbef4343652b5b6c3cdd28c4aabd5fe7a6dac20998eabd88a3d5494e207fa19.hsaco
0	0	flyc_bwd_dq-0b6292dce80f35e94647114ab3015203949dcb7823b90aaae1abf83d64861ee9.hsaco
0	0	flyc_bwd_dq-62f8b194bdcd14697b31196352da6d3783554c498286134660d5ba1861074b80.hsaco
0	0	flyc_bwd_dq-b728dd40284555c0594ea7ce663d779d49a65a61efb8d1a30f568acf429312b2.hsaco
0	0	flyc_bwd_dq-f58d45254a3011c5c5028d7a1bdabbb444d532d7b49a88260067f6e7789c7077.hsaco
1	0	flyc_bwd_dq-a2f1e6e244d2b38299791623853c70a0c9e444c7d414e226665a725c33cf0324.hsaco
0	0	flyc_bwd_dq-0d5157d392e80e94e70fda89b79c30d496d0346498232e6f3dedaf89fadcac07.hsaco
1	0	flyc_bwd_dq-7e1652028da0c87d6c2086437c533c223e3ee8e7d4916af1302076bf13203d29.hsaco
0	0	bwd_preprocess-ecf36ddc224a89c05edca7a18b9d18425a00a415fcdefe6a525a235aa24ac0a1.hsaco
0	0	bwd_preprocess-862e08afcd01159e2d1ab0fee0f445f17ff43a08cb89c9638dec6b9326cbace3.hsaco
0	0	bwd_preprocess-9beddfcf1a89827e387477ecaf5eba34c1dd397f1cc776328d5bb428225d5448.hsaco
0	0	bwd_preprocess-24c6692398b25bbf964b8d7904a43e1e8bbb218b8afbf2082e867a8522dcec7d.hsaco
0	0	bwd_preprocess-fe470965b216a9b16786ee42ecb5a8d061f5d7b04ec7451ee134b74a5458d221.hsaco
1	0	bwd_preprocess-3649af6a90fda308ee050aa1e41d5f4548c55ea5890cc8ca71a32628a951db66.hsaco
0	0	bwd_preprocess-8812ad3c7a06eab012290d85311c4062d7a7df07aa86d67d62d798ebab9c1df5.hsaco
0	0	bwd_preprocess-53e9af069008d493e2640539ce820bdf670a345470fb0cd50550d8d81b85b3af.hsaco
0	0	bwd_preprocess-00d1750d2258986143e99fa2a550378ba203f673deb0bbad9f2519a7d71e8376.hsaco
0	0	bwd_preprocess-56ada68e92331700cb880cbb535ff451a31d4231eb9fb2fcaf7c564519f30e5d.hsaco
0	0	bwd_preprocess-b8c0449e4ced63991d24e7ae60e468a541f8d6fda379a4dc648f68df893eeed9.hsaco
0	0	bwd_preprocess-52bde01a12e98a3207862a1326e7cbd556b52f600564fce014f6ac41b3d75637.hsaco
0	0	bwd_preprocess-f480030190db5f27d9f2def4925ca4960a208b04b7af4e9ee421f49a41e4eabb.hsaco
0	0	bwd_preprocess-6acd23ad12699af903d85b532675e0c3cadde88dbabe4a058edbce1049ac0f1e.hsaco
0	0	bwd_preprocess-2df3db733d073560867189406fab48f3e0df378cfff105c90396f33777d89944.hsaco
1	0	bwd_preprocess-290bfeb67b1a71921fa741a400ec31ca9ad65d80611f4bd4efb27974cc2c48d1.hsaco
0	0	bwd_preprocess-f0c85f3c7001c3a3ddca6d22a7f239d77f6ce9a0a2f0ad076248352daee4dff4.hsaco
0	0	bwd_preprocess-9d8c896407dc37bbe2e7d00705db279d4a3643f9bb13640b9501f66daf8a77ae.hsaco
0	0	bwd_preprocess-63ff19ed053f909a3d85c53569ad8eeaead2d4f1c2d82d5b2b9b647471e2fc31.hsaco
0	0	bwd_preprocess-41a0409fbd9e6f727debe96c7b47551712f1a6cc023849843ee18fa84a6ea156.hsaco
1	0	bwd_preprocess-460046e5c5d9dc67fe655a8bc41a6e2b7f0619d0cddb99651d634eb6a18a0119.hsaco
0	0	bwd_preprocess-cf3a785cf672e5dfe9529a232f4d4c16a585c0be71566b5ae147b682e3936c4a.hsaco
0	0	bwd_preprocess-be33e8219a26b6a1108dc6948c0c0fe72809e41c93f8c1accbedb7791836d4c4.hsaco
0	0	bwd_preprocess-a41159a47552a8d50e3fb6532e38edb1e7b26a1774b951119353623c802b3bf7.hsaco
0	0	bwd_preprocess-e029cf837ddd7f1f0276cde34bf383fdc0e618ac188125609679a1f9ab6d5d4d.hsaco
0	0	bwd_preprocess-fbc03f7bca05ca492a07d59be17db885a612cb90f43afbd1d38cb1d4a58d7572.hsaco
0	0	bwd_preprocess-214eb30f14d8ac8b041bf6ddf6402bef33703d0c36abef830f62d6f7c963a86e.hsaco
0	0	bwd_preprocess-482b5a2c4d79a4ead0232eac39b301cf911317591bc69581006fdcb373c2404e.hsaco
0	0	bwd_preprocess-44340ed87371e0309aa768892f8c87f72ed826ec2656169f6876e9c243736ea9.hsaco
0	0	bwd_preprocess-b5f7bc2ce94ac129557efeb72b3c568837fdfccc5b9aa644e8b4978e0e79654e.hsaco
0	0	bwd_preprocess-83820f45acf219a2d60a1ee928b5a840ffcdbe4ad40abc4cfe74dce6b7b4fb48.hsaco
0	0	bwd_preprocess-661d3bbb895291b4dc61c4cf19d3c94d37508d345b65ce38904cd949e4f46651.hsaco
0	0	bwd_preprocess-c8f80715ee0690b87e6e0a337b7c6077e52b0b02b64fe189a42ac2cf56df39a3.hsaco
0	0	bwd_preprocess-9c7b4c267338dac1fc23e149f92bcd20eda4a60db09147570d2af8d34238cd4b.hsaco
0	0	bwd_preprocess-b26294b42472bb7e809363d9eb1bd534dacf3ea3c3805da5c671a572ff7a1cda.hsaco
0	0	bwd_preprocess-172c5538a8de5d92948ea2349c4ab1780ab35a3d9e5966d86051e4e6a7690730.hsaco
0	0	bwd_preprocess-48b305daa74db7210f9f8729de573a95577064f64bc5c05afcab3fb15596e835.hsaco
0	0	bwd_preprocess-c8bcd195d429b2f709cdc775e62cd618fe8ccd077a9997b00974604e4c124abb.hsaco
0	0	bwd_preprocess-915409a8017c7b193c405d615a07237eb77b53f3247b8a7fe84bb1931a92a04c.hsaco
0	0	bwd_preprocess-3ec8179ab7915fe343f6eeefa982795c41f6d0ae7227116c55af218c741fe04e.hsaco
0	0	bwd_preprocess-db37f3f3aba4f6912639b83934d68ad4151f420119f32fc51cf5bffc33ab3882.hsaco
0	0	bwd_preprocess-e88831c16102f9b714c01685e115aec22f3383217557b38dfdd54c130c17d3ba.hsaco
0	0	bwd_preprocess-216ea7797caf739171887b392de7c3e6a618fe1251c87135759cd8576ca3a355.hsaco
0	0	bwd_preprocess-2bc422739f742a19a095deea702580acaa3c9472050ffbad245aa0507f5b2cf7.hsaco
0	0	bwd_preprocess-9f6060565608db805e3b0aaa8478e7e0a3e67e710615989e68ed199288028308.hsaco
0	0	bwd_preprocess-e270bb9eb590f710cf61d32dab0e3b6dd6b157612e787c01ac7b6bcacf67ca82.hsaco
0	0	bwd_preprocess-fca329a120cf603e5d6f149834ef7ce37e691e691768c5b81721959ececf1c43.hsaco
0	0	bwd_preprocess-a104f9f0422b98ca977b6245f8c1afbd53d90e98f926cf26409fe7fa91dd56ff.hsaco
0	0	bwd_preprocess-41683fb588b2d970b38616d109c3497872a467967f2eb82f7a5d25909e1cf2fa.hsaco
0	0	bwd_preprocess-22ab1e9a49787b962b34f335d5a7a2132586ecaecf81cf9437657ad62bc0b847.hsaco
0	0	bwd_preprocess-4e800d2c76396ef5be65c6a48700a4071219925350d4c980720889c9e66605e2.hsaco
0	0	bwd_preprocess-3509b097e04ff99e7c836a38ac55247b6149264a0eb279f28d99526602dd8aca.hsaco
0	0	bwd_preprocess-2dce114507bc0ec6ee44e79edc48870a48de6601f7e4ed3c058bd522492baa6b.hsaco
0	0	bwd_preprocess-5f06bb8574ac3f3419e179f6b5d30eeee2b2861a97afbb91620c05208ab068e5.hsaco
0	0	bwd_preprocess-1464c9b938aee82dfb5dd2f784b43cbb28425d87560bcdf35b5c888c884fcd1f.hsaco
0	0	bwd_preprocess-5f772db44e8553e8ceae39b21c4fdd76a559857e30bb367b121622d5ae696897.hsaco
0	0	bwd_preprocess-2373dba6c2872a13ba632eafc68973576ca5704da58500d57a12b955f466992f.hsaco
0	0	bwd_preprocess-20a719cbb52ffe12fdd874f4edb1ecfac025ee182e634c50f96928c8a355a0fc.hsaco
0	0	bwd_preprocess-2ac378a2dd0f388c068b57706772f14cde4f1a15b661f541b95f08ddb9fba716.hsaco
0	0	bwd_preprocess-a0d935bb7639fea4ee847ff4beb335f106b847df00bf43ae7810a853896feb57.hsaco
0	0	bwd_preprocess-347a1ab864ab75861c2da9b35e512445861740eef0daf03158b6f433873ed148.hsaco
1	0	bwd_preprocess-03da6c587836f0158b3c0896b66869e3fc75ade691fa58765e058e27989331f3.hsaco
0	0	bwd_preprocess-8a7c264397cb9f1cd3a84b4239aa32cfe8aa44352c880cbe1589a5c6dfc3371b.hsaco
1	0	bwd_preprocess-2cb817df93e8deaabb0693b7f25fbcf3c7fcec3ffa2b7789dda24f9568621942.hsaco
0	0	bwd_preprocess-388790f97829bf3231b23bdaa9570394e04ef298bdbbd759c8847ce8c2c57efc.hsaco
0	0	bwd_preprocess-75e25530cd8276dc476871e8751c50e24018b11a9d91302b47da57e96ed7f875.hsaco
0	0	bwd_preprocess-e7d156c6cd087a2604c650a24a9afc0cbe20bb137d431fa41567b8cd711430c8.hsaco
0	0	bwd_preprocess-4ec0435bd6a9cbb7f4cef978f8b77274e6bfa92bb5f5bfcd721f40498ed25bf9.hsaco
1	0	bwd_preprocess-f9ac948fa8451417aa793035d3600985b7405faf3d02e73d3625223c7b32aec9.hsaco
0	0	bwd_preprocess-15572d6ba601b32dafd24ce519b35ab522f00218599f5c66041622db53507f81.hsaco
0	0	bwd_preprocess-0da67d49d0a618b393f23f4f9af409d1b85384f8cc42f380ab5de0bd4de30ee1.hsaco
0	0	bwd_preprocess-11d3de6cc17558111a05e9195ffbfa395efde08edd9cf86794b24a24c3c5ae7e.hsaco
2	0	flyc_bwd_dkdv-5c86ff1b648300caf5de69825a8e1723970bff0d8581a3e122a05b0ba6fe0684.hsaco
2	0	flyc_bwd_dkdv-e1f2206ee86b70c3ace460123e37d63e5a43f002595eed3a7bd001bb07b2d59a.hsaco
0	0	flyc_bwd_dkdv-85efff61cde75392df69277c8e39255822b5f1dd352b12b833a5f330ddc51f7d.hsaco
2	0	flyc_bwd_dkdv-0fee822b77037882cd0972d32ae7bc83cf30b66e3a277700919ab3bc6aca7c8f.hsaco
2	0	flyc_bwd_dkdv-eeb4c762198552a9da697646a1e9c67f922728bb1c604de1cad19849eaf05416.hsaco
2	112	flyc_bwd_dkdv-cbbf5f5c64ff58fe7dce6e3c4bfb0c88444e99c539bb4b7d6bbfb486f79072e1.hsaco
0	0	flyc_bwd_dkdv-adfcd4f55ea14a330be845f55ad20134a182249435264fcdf1946563c58bc0f2.hsaco
1	0	flyc_bwd_dkdv-d87cadaa27233ee0097c4caafb602ee0ec02bf0938a8364d5a61e855da5f5af9.hsaco
3	88	flyc_bwd_dkdv-9b4d01d51f61bfb3da23111571607e75055b35838463b7941d7fada2f0b36a70.hsaco
2	72	flyc_bwd_dkdv-ec40aab4ff152c065a79299d906ff051b7db85d0393437c3fda5909f77ba1f7a.hsaco
2	0	flyc_bwd_dkdv-e942d1bf01d9f773fd994636c25b8f44050089d9beb8d82ee77913efb0005dd7.hsaco
2	0	flyc_bwd_dkdv-7aebd72aebf370c8e3d3deb455fcb04397b15b1720a9dc5df84ce58c5a7304ba.hsaco
2	0	flyc_bwd_dkdv-80955e7f35859c7bb5881cddc3b6c842ff61679a8ac55402f6ecf07d448a1501.hsaco
4	0	flyc_bwd_dkdv-c519f19ae0982f6d25d0ca359f98acce5e70252e92b75d2878476c015d814038.hsaco
0	0	flyc_bwd_dkdv-9c5d7113427fd2ee60dd52e61da2a8d1ed80a5ee5379e23b66142daa8f887257.hsaco
0	0	flyc_bwd_dkdv-25036a86332703d12d656b8cad871a6c9550e3e9997fe5fcae4a1ce85657ba7d.hsaco
0	0	flyc_bwd_dkdv-8563511cf92d332e89b096e1af4eebe0c42b047601ae569d2024e59279dc58eb.hsaco
4	0	flyc_bwd_dkdv-4d9bbc689d678041f74af707fe483e2a02ee8275a4eb2daddd7c672826903a9d.hsaco
0	0	flyc_bwd_dkdv-b0c5a7a0119706e128d35ac87c69a92a07249607477a7604e30aa0fac5f2825b.hsaco
1	0	flyc_bwd_dkdv-294b51da9d18e35b2c056c01964617f0dedd999276c632418289e6e1a7d5beff.hsaco
0	0	flyc_bwd_dkdv-45063f18ca89e4bc6cf02a1644ed15f454dd634a3a87479f24210859fa0d71e9.hsaco
0	0	flyc_bwd_dkdv-752d9f3c134535f6ebc07379ead746d3487ebfbf9e42f89e59d6ca3d7354af18.hsaco
2	0	flyc_bwd_dkdv-c19ee3afba7fd8b91ac6d860790b33450a1f78525221c8f5b404336311209004.hsaco
0	0	flyc_bwd_dkdv-1a8ad93d135d242bec4a6359174aeaacba6ce5696d7daa4f8c574811a7d5353b.hsaco
0	0	flyc_bwd_dkdv-89ce52f2b54327c50ba4ccffe93555e3845e956ff94d7d30a5f9c02ed8169403.hsaco
2	0	flyc_bwd_dkdv-a42152d09f6f05ea1471072f565cde4cd66e02fb0d8954834ea8ebcf5bdae4a9.hsaco
0	0	flyc_bwd_dkdv-9de5e1e4694bb5e9352847b9a956744de69ae4ec251583cf8ee7929c33c5e53f.hsaco
2	0	flyc_bwd_dkdv-42f6fdbdda2a1285df819ff89abc969b01567454266ecf9c9151e40c79d8f3fb.hsaco
0	0	flyc_bwd_dkdv-92b245a33ffc8cee0de751c8c31a77c80b5cc636ebf7c77bea4967dc88a7cf37.hsaco
0	0	flyc_bwd_dkdv-aa9e766470b54e323996a830d766bc7a39aa56453f7999ff9af5a7678217df07.hsaco
0	0	flyc_bwd_dkdv-74af3257616b9f8448fb35286526193180e501ac79aa25360b9436f1ccf1e885.hsaco
2	0	flyc_bwd_dkdv-d0ada6f6d1d70b023a2ef08a7638c71bf4bb9c3939ae9ef33923fec5a6a67937.hsaco
0	0	flyc_bwd_dkdv-9a9af0af9b9a9f6581ea43e01ada3b9c0e8c7be9666d5c907f6e1c5c1aef4545.hsaco
0	0	flyc_bwd_dkdv-b2ad2af1111b793b9c6f83c881ff1eb406084806b92cb2f01d99966667dacc16.hsaco
2	0	flyc_bwd_dkdv-79c9298360ed10338774c63ad1cbd3749847d13e6be36350755c117b0644ee6f.hsaco
0	0	flyc_bwd_dkdv-aa20eb48623980241f2c6e4bf6847ea98c79f8e6339cf1f37597f3a0e0224e63.hsaco
0	0	flyc_bwd_dkdv-83cd45a6eac4a83b7a71815d8258defad9528e93b23d21255da2f7f40a407393.hsaco
2	12	flyc_bwd_dkdv-6660ca324ee41e8163e6908048605d0ba80b71db9e55969dd130d3aa9c0a0125.hsaco
2	0	flyc_bwd_dkdv-f40544f9edc33e12b21a9288f1d97bf3e06d00dc18990d15dc23be72ccca2808.hsaco
3	152	flyc_bwd_dkdv-37a2cb2932c4bd3c61266f8180b1838f382c60f027ff8066b865d06ef1711b18.hsaco
0	0	flyc_bwd_dkdv-7098b88f806c8dd580b5050c66518d5827b52d5c276bb3fe8c51076e72eb4c87.hsaco
2	0	flyc_bwd_dkdv-9364d3544bb5e5a9d9e582f3550d475f4f28b58dcdd7058c1c69070fc9efc72f.hsaco
2	0	flyc_bwd_dkdv-3fadbd563fd17becb0000e40a95f4ab9cff69ec2305830efb6e39c8a3d04ce5d.hsaco
0	0	flyc_bwd_dkdv-26b18c8383f0763b0442271bbe90e8715f2453e813aaa8dc10e5917459d4ee0d.hsaco
0	0	flyc_bwd_dkdv-45c87f1eae689e08691799a58b500f3ba2ec4f3bc0ff1be1e9d0b938c03a40fc.hsaco
2	56	flyc_bwd_dkdv-922765d3a34330f17677397bf64c3c6eb3f30edac631acc6227f09d86ab0cf2c.hsaco
0	0	flyc_bwd_dkdv-6ab1f0144c2d5d5cff69e163b151c3aa8b3cfb5af20c639707fd248b0d57d08c.hsaco
2	0	flyc_bwd_dkdv-73af54f49b55d9cfb20044a505b42ac7d24fb35dac2a9c97e13ba2aba19ff4b0.hsaco
2	0	flyc_bwd_dkdv-a9d63abacd4115b1c1827aaacaec186da29c049b67fcca35598ff257ed804b6c.hsaco
2	0	flyc_bwd_dkdv-1cd97832fcd01dc8415b834b13f4123b988da72834b7a2e7ac2c36932d1ed082.hsaco
0	0	flyc_bwd_dkdv-b047ac239bdc35d4c59ff1c61e52a5bcf03964ab264df11d0120fccf27af41a9.hsaco
2	88	flyc_bwd_dkdv-401b160e397085c4c4ea1c8439571cdf479f0122f8b5e6183ccd4512e4567c8d.hsaco
2	0	flyc_bwd_dkdv-b9ee34d5b98b7e1bd8d0b732792ab685c733052eeb80ef069862245105c10d95.hsaco
0	0	flyc_bwd_dkdv-36468df18c0991a6c4afac49041ee04d414e5992521d71e2093666a6ea5206a1.hsaco
4	0	flyc_bwd_dkdv-bdb45baf268e6cfc538f593c3fda5863da075837ea25cd7884d23cf408566861.hsaco
4	0	flyc_bwd_dkdv-fa75c61c11ddd6d087be4d75e56c6b3d9fdafe04d987aa57479a780fa729d665.hsaco
0	0	flyc_bwd_dkdv-ea69b2fe40b95a4b86b11a6735ce3b5eef0a1f0d67c1e792168f82f9bcbee9d0.hsaco
0	0	flyc_bwd_dkdv-accf75f0896ab9af78616861d343f2fa3bc701cfaf1d6eec1a87cf95cdd70b0c.hsaco
0	0	flyc_bwd_dkdv-cbd9cb0b33a80b75b78b622ee659bfa599286785e9944232bffe4cbaab800034.hsaco
0	0	flyc_bwd_dkdv-448ece52b5c5ec097d98e2a9032f5b2ffb471d6b74aebde464442212f83d4636.hsaco
0	0	flyc_bwd_dkdv-25ec1b5d2c29eef195c76433a7c338ce6d907c543b72aac0f58928288730f34f.hsaco
2	0	flyc_bwd_dkdv-6cbbe94f7d418e221538a1351fdbcaa3d23c2adf5e48fb4f678973345cbc707c.hsaco
0	0	flyc_bwd_dkdv-9457ae4567b28062948870cc2d5d65c1b103d9836a3c46c80f6474f6ea9b5c9c.hsaco
3	152	flyc_bwd_dkdv-d5de9d7c4622b305945a03aad41472e683226c903d88cdf433fef0e8564e1a02.hsaco
2	0	flyc_bwd_dkdv-939dc03ab049a5b5310a0686e629bdf446f54b0696ef1be62448b56ee21f7549.hsaco
2	0	flyc_bwd_dkdv-75a87bc6cdc9cf3de5f638df456e390c6729fdc36f06063349b1680ddcf8ec2d.hsaco
0	0	flyc_bwd_dkdv-0409a6cd8ce85fa9e1226dd29db151a2d6210d12fde0c9ea42183ff8fd1f9aeb.hsaco
2	0	flyc_bwd_dkdv-bc22c2a0f080fa7fd3cc3e2bdfa34f3d7ed44a2c760561576ae5919789c62971.hsaco
0	0	flyc_bwd_dkdv-76015a788042029d3fb265a908c23428be958e81726fac3dd771e70424fd2969.hsaco
2	56	flyc_bwd_dkdv-7648e2a78b8596bc4e3cf817ba254f0689a622cbdf1ced726ba8a64f970976cf.hsaco
0	0	flyc_bwd_dkdv-e923cdb8ea40503fbde4b04b9c34f257f0d735a649d5a84968e2350275852f42.hsaco
2	112	flyc_bwd_dkdv-909426585854cee6df6e24fd762e877c33d2940bbdd5e2df481979bec2b3f198.hsaco
0	0	flyc_bwd_dkdv-40ba4009cc0519b2264623f0f20713192b0558a92a84e09c6686228362b52734.hsaco
4	72	flyc_bwd_dkdv-e7db636471282fd2124948fa9f9b51ff2f82e0c54a1c1dfd0f7921faafaf751f.hsaco
3	88	flyc_bwd_dkdv-639212a73873f35fcb307a56323a1ecbebc359b3b2d36b810db2ff1551dbe7b9.hsaco
0	0	flyc_bwd_dkdv-ec0ffaf47529b018dcab7319460f279cb5c84b7fe313ee6d037fd052b70dfad9.hsaco
0	0	flyc_bwd_dkdv-2ecaf651230502204aa93427fcf60469c3489b9af2a3f6df2d7fe6e2609a894d.hsaco
2	40	flyc_bwd_dkdv-7fc30cea24f43165c64c9df7e662d2f2c06dd2ecfa0187972fab249976c7951a.hsaco
1	0	flyc_bwd_dkdv-3429d86daa3130aa482702008090163cf52ffe855856b38c178311e8fa401032.hsaco
2	40	flyc_bwd_dkdv-9a93383a740c8090e5046f446b74fd955377b7914130775735241500b5c1f297.hsaco
3	8	flyc_bwd_dkdv-a5dfe742fbf5c59791445ea48dee94c4a205c9c7f6529cb98a58011c5b5547d6.hsaco
3	32	flyc_bwd_dkdv-35eea4a93efae7bf4069df0d0bc554737b266ac34081e08aebcfe17801d21c32.hsaco
0	0	flyc_bwd_dkdv-41a5d9d20290da93ff3c55aabf8eb5b497620df9f58f241671956abc2e38899d.hsaco
1	0	flyc_bwd_dkdv-6edf7ede6e516e658155170ec3b00af88273c90ce65d3886b05af684bc4cbecc.hsaco
0	0	flyc_bwd_dkdv-d414812f34b5839d2e252c94ee9470a0c8060082bcae9c261b0541e65325a4ec.hsaco
0	0	flyc_bwd_dkdv-2e9bd11553ad6175958a16c417d5b667af9aeabe2e8ecffc742ccea990596892.hsaco
0	0	flyc_bwd_dkdv-a78245042d162bb9e663d0f6d9559c0d180d3f16c376f80394dd5b9ba1399eee.hsaco
0	0	flyc_bwd_dkdv-f63572a5d93052ea52d6c75c6bfc1db837dcda701830363a579cc5513bf8017c.hsaco
0	0	flyc_bwd_dkdv-ff666fab74ba5628b9681d007d0fff7ab197810567c69df44029f8516da6ac3f.hsaco
0	0	flyc_bwd_dkdv-54ccc8838f4a70b9b2766db812b5bacf48bd967eb568f3da83a1da1cc6f51eb2.hsaco
2	72	flyc_bwd_dkdv-df504771482bcce82bd4ac433e6fa91cdbc27b3e7c5725cc31892f9428c85f71.hsaco
2	48	flyc_bwd_dkdv-d4cd747956c71ed5f24f58a543fa80d23b4aff28c986d264429a0701e97c0662.hsaco
0	0	flyc_bwd_dkdv-63d7d495e81a4ec20486870c0324768316411e890139d6f881b928b15da036af.hsaco
2	0	flyc_bwd_dkdv-6375a2683cb940cb924d3c91e12ffd09a81b527e19bff1e68a0c002ad1331299.hsaco
0	0	flyc_bwd_dkdv-055d6a9d84b7376d33c7d284709aea15393e334c7ad9201fe4524393d26b35a4.hsaco
0	0	flyc_bwd_dkdv-e191e9c5d948e69e7d6efa2996bd748889cddf3520717241a55043a09ed343a9.hsaco
0	0	flyc_bwd_dkdv-0f4611a57f634785586cbedbbfa0f8ecbd43013ce4fe5374c5bb7d8df19b95bd.hsaco
0	0	flyc_bwd_dkdv-fe857cdd6c299b6ac2d268f533ef3d965decfa7d7c61e30403ed10f4f3f40f1d.hsaco
4	40	flyc_bwd_dkdv-122ea84ecfce4495d85773353596bdd79c9805a505bc364c2c93069a05e616b2.hsaco
1	0	flyc_bwd_dkdv-995b018767705cf55ff98d6750bc3274b97a0c4f6a5aa3c89f72776379c9f31f.hsaco
0	0	flyc_bwd_dkdv-453a33b05e648d5d9d3e3266f29ad696f827c99867feb412e7796dc38b73f45e.hsaco
2	0	flyc_bwd_dkdv-e12c24ea7daf692b00ebc2e415be7d9c9064f0c6558ac5149b809411296c2b04.hsaco
0	0	flyc_bwd_dkdv-7e3e9edee480f65149d745268b71262d9a0bd94a17d4a11a798c9a35bfbb6065.hsaco
0	0	flyc_bwd_dkdv-32831b2ede0c10aa197cafd5a929d3b73b55aca3e4544c2084dbeb5da8e604b0.hsaco
1	0	flyc_bwd_dkdv-1d731328ab3bb8cb6d6fead6d2d60f528b06cf3cd17eda6dba3714623436f5c4.hsaco
0	0	flyc_bwd_dkdv-72c44c8fec78d9a27b58b0da94bb198c5de1d5eb1d4fc93111a18857a2b3cb2b.hsaco
0	0	flyc_bwd_dkdv-2f1379006c424371bb149ba6cd24799a9ff38fcdba687eccb4736aececafe5bd.hsaco
0	0	flyc_bwd_dkdv-33a327c348f084439df2909a047c025e45d7c494bb6540aa2230b33f77410dad.hsaco
6	88	flyc_bwd_dkdv-10eaf6d528ec2325446cda3236fdb2c9f00ca812c43afad346b932420e5cbf78.hsaco
0	0	flyc_bwd_dkdv-fda6418cd4627fdc68a20e778d8b45fded0cfc5348e40740cc80b34c9ed33183.hsaco
2	40	flyc_bwd_dkdv-2882c09c76ee2b3c19dbb4e0d807aeb25bbc8640548ac585a5e91950a2d5f4cd.hsaco
2	56	flyc_bwd_dkdv-65b28fd8613b4a9dc264a0f5d04e5a0bbbe8a856e1d8cf6292ad63e05a8a3abb.hsaco
0	0	flyc_bwd_dkdv-f46b1d4ba4abe0c77d334298b19eef571f66ca21d9ec748635adb88ed3aa7adf.hsaco
2	88	flyc_bwd_dkdv-69f9fe6052756ba8e9af9a04d066315cee4e06df49c31616c8af754a8ada2a78.hsaco
1	0	flyc_bwd_dkdv-712091c678007102283bb8d2113bfe63eadeeabbb38c6d4b6c0c6049b90ce750.hsaco
0	0	flyc_bwd_dkdv-5d308c8e7ea44a792cb744b87688c5a5907d0555ff0b3f11fba83b5b8cf13b45.hsaco
0	0	flyc_bwd_dkdv-90722e8f6da891f84b579273f9cf6ceb3ea7ecaa5a400b4d9d75098fb04f2f8f.hsaco
4	16	flyc_bwd_dkdv-2e43deb24f12535d44eb911a6da32e058b6eb7523582b16cbbd21750fb059250.hsaco
2	0	flyc_bwd_dkdv-d4532d1d714aece57b1d15e57091227b35468603f454b543322279d6e9fe0939.hsaco
1	0	flyc_bwd_dkdv-8f21a403affec45159568a6720518e5005f3f73a34960a57efca871be6c98d40.hsaco
0	0	flyc_bwd_dkdv-66085758ba25f8a9874700273e77e82bd79fb4a5fd267db5f5a229f1b7f825e5.hsaco
0	0	flyc_bwd_dkdv-7423e9cc306cfe21856fbc6d87b37a3227aa00c3699c757bea9a015e89a80d6f.hsaco
0	0	flyc_bwd_dkdv-be88cb68d738456382fb466c3d64a5e0b85e8dd4dc65f243f52004dbaf8e9d69.hsaco
0	0	flyc_bwd_dkdv-2d5d4ec364a9b014b07097b6ab922ed946bbab58a91e7ccd01439a357d948930.hsaco
0	0	flyc_bwd_dkdv-d7129447a84d8b382e3bba5bb101a6ef07a8fb202343df5fb1ed50a8bfdcbdd8.hsaco
2	72	flyc_bwd_dkdv-bb6219a54cfaf3bf8f931743f737a22a03b5bb8de10a18d701136d0dc6f9d842.hsaco
2	0	flyc_bwd_dkdv-6ec0e18f6e1a296b90f2e2c1f970fbd440843afd735dcacd844a943c7c5a9521.hsaco
0	0	flyc_bwd_dkdv-7c40c5c356c5cb4dd283d7a11f246a1e6671ac661a39ef6cafce6851ce609bb3.hsaco
0	0	flyc_bwd_dkdv-bab8d19df72550698c5c1b3926b532b0cab840a900e47e8645ffb7f3407095e2.hsaco
0	0	flyc_bwd_dkdv-6c538a6ca8bab87bc9196cf0c62a0384cfde81e67a31e25d369dba9d4ae59ca9.hsaco
6	56	flyc_bwd_dkdv-ff1d62b832f09a705d7efbf856c583d3024586bd80e751f80d4e14e506067750.hsaco
2	72	flyc_bwd_dkdv-fdceed51c832c9f85efa8120668dc3084456e8c4f9be848e846a1baad016ef30.hsaco
0	0	flyc_bwd_dkdv-2e71c97fedc8f8859775b21a85eea4c532bf3e8e3c2743bd913ddb25d12d451c.hsaco
0	0	flyc_bwd_dkdv-abf8520c4f6fb3a1a2eb1b59cd029b887d4a13ae6c99f8401cd605f342e02f41.hsaco
2	0	flyc_bwd_dkdv-9f6bccdadafbeb6368a79a97abc8e661bc979b668fcc974e3646f31cd4772edd.hsaco
1	0	flyc_bwd_dkdv-2a4f27752587103680a6d1374f9eed7f458984b7141c20eb93f78751e34dbb0c.hsaco
0	0	flyc_bwd_dkdv-1b91863b5b72edb763389394931ce39ffb31616b4d9ac2d881d22b89e8fff545.hsaco
2	72	flyc_bwd_dkdv-8cf8414f1468694ae6c0705ce758eac74379f9dd645c5303b2800738e80d094c.hsaco
2	72	flyc_bwd_dkdv-38cee2780089c8baab69141944066d97a5d5883ddf7e47f7af97fb1a0e439713.hsaco
0	0	flyc_bwd_dkdv-623787cdc29ef5d73c5cd3f3bf8812a800829373f826e676dd90e40a111cae3e.hsaco
2	0	flyc_bwd_dkdv-dad107c33bedf1eb1861a2074b7a7fed6e0d3ded5ea3365fb9eaddf5244e6110.hsaco
5	88	flyc_bwd_dkdv-5a196c4f22d1b885545ad557cef8cba7d6968fd3062e23d771dfe32d98e598f0.hsaco
0	0	flyc_bwd_dkdv-cb928ce22ae44fdb3c7c6a2e20145b13ccde504483df1b719a4074e6fbeab736.hsaco
0	0	flyc_bwd_dkdv-2fee35886192edfe2d04814b32843021b6c99c02e5c09d46f78e1fc13eb0a6bf.hsaco
0	0	flyc_bwd_dkdv-82ad411361861e260bdbd1a324e60f4d90b18316953565c394c29fddd1322c85.hsaco
2	0	flyc_bwd_dkdv-81abcae1e90d9f9676b974c0fdc0eeca511829e9c9a57a14c9fbfb8ace85a252.hsaco
2	0	flyc_bwd_dkdv-2fbc40befe97874873820f91437bacac525624a5b34e7df9112866acad61dfc3.hsaco
0	0	flyc_bwd_dkdv-3d0f38c7bc863af9e3c395e32d8153fdd8db5401cb59f9bc24779897bf267acd.hsaco
2	48	flyc_bwd_dkdv-8dfc89bbe63cd5b2f3d93c529d91cda8fe2383726622a06f6890494894fd0c1d.hsaco
1	0	flyc_bwd_dkdv-5e06260f3d0f2fba99c0d0871c4b7cc85ff764953f1bb5cbfef686eef35bfe88.hsaco
0	0	flyc_bwd_dkdv-8749f92d475be3a13a9a57eeeca61272cd1be7ee9538c2f6d2ef53f75a8724eb.hsaco
2	0	flyc_bwd_dkdv-45fdaa05f07d1e64b0228072ace9ed8738f0e670663853a11dd4219c991d1bd3.hsaco
2	0	flyc_bwd_dkdv-a15f1d31d74f21e8c48668c53bbb290dddc224aa245381ae174a2720a1544cc9.hsaco
5	88	flyc_bwd_dkdv-37a1f4acf62eb85af3a0dfaeccb3e6fe12da2bae92d78fd8af5da8a8f9584bca.hsaco
2	0	flyc_bwd_dkdv-84489697ee1d09875660f9b521088537dd0823b028571c8f7f236e59ec1441fe.hsaco
0	0	flyc_bwd_dkdv-db6bab5eb336437ff461193e0381c3846f23acb65e8b14b786aee244c1da4b53.hsaco
0	0	flyc_bwd_dkdv-8b60ce92ed2111f5a4d6b194c5eec7ade2c0284292f57d440c834e3ea6aefb02.hsaco
4	56	flyc_bwd_dkdv-9a3a5f202a1b222f1d8c3e6900782741d5652771140dd4f8b2ef251c21c32060.hsaco
0	0	flyc_bwd_dkdv-ab183f3323c897b4c245d6fcd42e560e859d6435b1afa5ad82d22ca692ef14b1.hsaco
0	0	flyc_bwd_dkdv-39db2126c796ed04dc151eef3e5df6bbf33c1185880e46653f9de7d682324489.hsaco
2	72	flyc_bwd_dkdv-f3588ea405b486807cd9148a774281870d1bb876aa8aeca1880d3e875db9f7dd.hsaco
2	88	flyc_bwd_dkdv-b779c3e34b69b53fd66be955be220267cd77fafb8b907dcc679ab8108ea9f075.hsaco
2	80	flyc_bwd_dkdv-52c9f763a22f2eb33100c4ee0ab57c4ee6aea098bd93e47a92e695dd177ab47b.hsaco
4	0	flyc_bwd_dkdv-392ef5f24ea252f9a88922085f8006b4983f1fa30a9a5255ea09372863a3cbde.hsaco
0	0	flyc_bwd_dkdv-e1ff127a7b190bba2bea9d2695d832d301414b035df88afcd185b1400f14adea.hsaco
2	0	flyc_bwd_dkdv-42c294c5c0cdae6864430a56d1f8ee89c559ecedc941e6756c6ad5350acf81c5.hsaco
2	0	flyc_bwd_dkdv-e4ae2e238d53efaff5518f61666cf9adbc88e389849f81ef7053a870459fe9ea.hsaco
2	0	flyc_bwd_dkdv-93538b1077ef70b2079633f997ce48fa6d76aadc99e1dcd40a1d08dd3239edd3.hsaco
0	0	flyc_bwd_dkdv-5b473ee1dd7d18dc5f4cfb090c017588a8006825e645e7b85f237b769dd8dd42.hsaco
2	0	flyc_bwd_dkdv-9b67106e62ab112b04b5b079337b89ce753ae14951036749c618b59695ec1443.hsaco
0	0	flyc_bwd_dkdv-c9b758ce668e634c694edc18ea3d16c85ac13b4122fc5f738326147452841343.hsaco
2	0	flyc_bwd_dkdv-0cdbcf0c43dc273be0eba0561fec4dc831069789791dddca914fc29579ea086b.hsaco
0	0	flyc_bwd_dkdv-287f382a7b8b6e44e3537ea74f94ab90a187db1f5e047d5c5fcae369d8ead307.hsaco
0	0	flyc_bwd_dkdv-dca249e216e2bf00b9594487ec1dd12b898ec99bd3bc992625b53221dd939ed8.hsaco
4	48	flyc_bwd_dkdv-2f412d6a062c9aaa0d1650251fa0a5f68cca78b751ced7bdc555f54fd9d772c2.hsaco
0	0	flyc_bwd_dkdv-08e92e32d97ef34291a93e5025ff637dc80adfdecf92485720379189bbcfe984.hsaco
0	0	flyc_bwd_dkdv-414c23c80503714a1f9f5d28e415ae7cd9405b92baa67741e8df10875f2b1db2.hsaco
1	0	flyc_bwd_dkdv-c55f5ee2feab773a39f8f691605d48145d9cc3a20c03458c389bfdff586c7ca2.hsaco
0	0	flyc_bwd_dkdv-18aab90e7500f852a9970bffe17df13a783666773bb50eb8fbbb318af6a9445d.hsaco
4	0	flyc_bwd_dkdv-c74fa757ff20badba9a401a02ed6e0e304ce39051e8969fa3cf5a4be862e2f3a.hsaco
0	0	flyc_bwd_dkdv-e0a1110654d540edb3408a4f660e5f03823c89982406614e8924161d40deedc8.hsaco
2	0	flyc_bwd_dkdv-e82d958c1080cc9bcc583a19cba26dc354d3edc8e87c46fb1e7000c1043a281a.hsaco
2	0	flyc_bwd_dkdv-526cbe475e04fb1b06430426653356bdce033908b761650b99a976923fe07210.hsaco
0	0	flyc_bwd_dkdv-57e56f2ee097cd4d06a1675621f480e3c65051028fc7d8b5ab4443255e0ac4e5.hsaco
0	0	flyc_bwd_dkdv-40b489ca7a27f2b4eb4bf1338ee33918758d563685ef68b52d05bde62efac6c9.hsaco
0	0	flyc_bwd_dkdv-7a358464b15718c989e13458b0daab3890b204345f926c74632b6b8bc55f1972.hsaco
2	88	flyc_bwd_dkdv-726f36c282bcb34e48f3551dc7a1505927541d5831e8ace2ae3d2a6f586ad824.hsaco
1	0	flyc_bwd_dkdv-9f6c8407e815f8d8d6f195acc2324e7595e95fc1e4bdbfe2cec4a76d89b0b05d.hsaco
2	0	flyc_bwd_dkdv-0871844c7ed8793eaa6b495bbee0b19e0dd89dfa4855f8ff0f1274fb69288126.hsaco
0	0	flyc_bwd_dkdv-9302f83c9088494339b2bd50d612473adb1d702ae6b2fc48d81e27b9f5b1bee9.hsaco
4	0	flyc_bwd_dkdv-148279b85ffd22e701f83e39e34e39288b52791becf70e4287327d6fbbd2abcd.hsaco
2	72	flyc_bwd_dkdv-cbf0c9dca321dfde898c362b1fdc1290e849d37c455cd35215f8cdfd04ef04b1.hsaco
4	88	flyc_bwd_dkdv-6a84ffce1a1249eed547809a6305fda4a767abfe06f5d6f2d479efa58b15d0d9.hsaco
2	0	flyc_bwd_dkdv-34b2d3f29497dc196b2498d7db41f74edc63a15744fc1c1e23d21fe1b4882312.hsaco
0	0	flyc_bwd_dkdv-8527268355cc97e22d34e9103d84d7f335fa76c0c6946fc1e71facffe5fde151.hsaco
3	88	flyc_bwd_dkdv-38ece378c56de9f2d4b61e6d7d7a705ad84d6ae6227bccd15355a44f7243e84d.hsaco
0	0	flyc_bwd_dkdv-770cc8a4c68db9e0d5dd13f828d77454f148c347aa60e31d7e3b4468f89d6f5a.hsaco
1	0	flyc_bwd_dkdv-0ea45cd617f34a3af9c5d6dfb90e547f6f32467f8a1dbea94c29ed08c8c3133e.hsaco
2	0	flyc_bwd_dkdv-e8fdae3f045e28f8e283c7a4df645696b3160e198436e2d1fbe5dbed866b6681.hsaco
0	0	flyc_bwd_dkdv-84a505815c71bb0ea3b856b8915dfdc3cd1fe65bc5a094376b180ae52a27a358.hsaco
2	0	flyc_bwd_dkdv-18f888390e08d44052a6ee494bddafad51dc5f781b813f88bf9b61135f5b51ce.hsaco
0	0	flyc_bwd_dkdv-6c0ee3cfd4dd10e42d7b217b55f6155620d025af1af839377829f5eecf27f9d8.hsaco
1	0	flyc_bwd_dkdv-db921b61844a89f6d679c0cc25972e347fe0482183f5573a348560f56c35ad59.hsaco
4	0	flyc_bwd_dkdv-a90a1a4fdd8c97fd563df528f16707f5ce2e7e0fdb804b5cb188bc5e8bcc22c3.hsaco
0	0	flyc_bwd_dkdv-ff45f8773aa2644f5e3829ee67ca6bbd20dae0db17ebd8383d9367b02bb7802e.hsaco
0	0	flyc_bwd_dkdv-2b673bb3cbdae2144ba4fb10830ab3d73303eab1e386c6e2c8994e47e76935e5.hsaco
2	0	flyc_bwd_dkdv-8d8a613b7d518047bbf81d42d418f2ee1b98c297ef1a03981e346870b388a2d6.hsaco
2	40	flyc_bwd_dkdv-14bbd93594173ab21b38172672e4999005b43e33f135000866eb3b29a21506c6.hsaco
0	0	flyc_bwd_dkdv-d4536930cbbc22df2c2d32a4cdf78a76ba9f2afd4141e55507fb732e001853b7.hsaco
0	0	flyc_bwd_dkdv-484f7f708ce8f3ffa51b3a6f722e492bde2d66e477962dcd2ddd1aaba5985e55.hsaco
0	0	flyc_bwd_dkdv-496be9e68fb1b8d802ce005b3ba31a608d92e1c4769dbd034f5bc35d0c1033d2.hsaco
2	0	flyc_bwd_dkdv-af9c03a994cedb1c48c83e784b30980cb848773db494c7b1f0b76932ce4a44e5.hsaco
2	0	flyc_bwd_dkdv-011a93f6331c9a94ed25639af3031bb8b8d70a79a41924524a002e3cdb6f6acb.hsaco
0	0	flyc_bwd_dkdv-b155b77db5fb120887ae1045e6273f198d523874b25ac2e5390f639b405f015e.hsaco
2	0	flyc_bwd_dkdv-8119b4e31237bb18d8da4a52f91ea71247b1df48a9428fadb479e65fa0aafeff.hsaco
2	0	flyc_bwd_dkdv-b1d0c2da06e83ebe9aa7ef2b01d98f1281e9d42c4ad3097851bcf66d467d578f.hsaco
0	0	_gemm_afp4wfp4_preshuffle_kernel.hsaco
0	0	_gemm_afp4wfp4_preshuffle_kernel.hsaco
0	0	_gemm_afp4wfp4_preshuffle_kernel.hsaco
0	0	_gemm_afp4wfp4_preshuffle_kernel.hsaco
0	0	_gemm_afp4wfp4_preshuffle_kernel.hsaco
0	0	_gemm_afp4wfp4_preshuffle_kernel.hsaco
0	0	_gemm_afp4wfp4_preshuffle_kernel.hsaco
0	0	_gemm_afp4wfp4_preshuffle_kernel.hsaco
0	0	_gemm_afp4wfp4_preshuffle_kernel.hsaco
0	0	_gemm_afp4wfp4_preshuffle_kernel.hsaco
0	0	_gemm_afp4wfp4_preshuffle_kernel.hsaco
0	0	_gemm_afp4wfp4_preshuffle_kernel.hsaco
0	0	_gemm_afp4wfp4_preshuffle_kernel.hsaco
0	0	_gemm_afp4wfp4_preshuffle_kernel.hsaco
0	0	_gemm_afp4wfp4_preshuffle_kernel.hsaco
0	0	_gemm_afp4wfp4_preshuffle_kernel.hsaco
0	0	_gemm_afp4wfp4_preshuffle_kernel.hsaco
0	0	_gemm_afp4wfp4_preshuffle_kernel.hsaco
0	0	_gemm_afp4wfp4_preshuffle_kernel.hsaco
0	0	_gemm_afp4wfp4_preshuffle_kernel.hsaco
0	0	_gemm_afp4wfp4_preshuffle_kernel.hsaco
0	0	_gemm_afp4wfp4_preshuffle_kernel.hsaco
0	0	_gemm_afp4wfp4_preshuffle_kernel.hsaco
0	0	_gemm_afp4wfp4_preshuffle_kernel.hsaco
0	0	_gemm_afp4wfp4_preshuffle_kernel.hsaco
0	0	_gemm_afp4wfp4_preshuffle_kernel.hsaco
0	0	_gemm_afp4wfp4_preshuffle_kernel.hsaco
0	0	_gemm_afp4wfp4_preshuffle_kernel.hsaco
0	0	_gemm_afp4wfp4_preshuffle_kernel.hsaco
0	0	_gemm_afp4wfp4_preshuffle_kernel.hsaco
0	0	_gemm_afp4wfp4_preshuffle_kernel.hsaco
0	0	_gemm_afp4wfp4_preshuffle_kernel.hsaco
0	0	_gemm_afp4wfp4_preshuffle_kernel.hsaco
0	0	_gemm_afp4wfp4_preshuffle_kernel.hsaco
0	0	_gemm_afp4wfp4_preshuffle_kernel.hsaco
0	0	_gemm_afp4wfp4_preshuffle_kernel.hsaco
0	0	_gemm_afp4wfp4_preshuffle_kernel.hsaco
0	0	_gemm_afp4wfp4_preshuffle_kernel.hsaco
0	0	_gemm_afp4wfp4_preshuffle_kernel.hsaco
0	0	_gemm_afp4wfp4_preshuffle_kernel.hsaco
0	0	_gemm_afp4wfp4_preshuffle_kernel.hsaco
0	0	_gemm_afp4wfp4_preshuffle_kernel.hsaco
0	0	_gemm_afp4wfp4_preshuffle_kernel.hsaco
0	0	_gemm_afp4wfp4_preshuffle_kernel.hsaco
0	0	_gemm_afp4wfp4_preshuffle_kernel.hsaco
0	0	_gemm_afp4wfp4_preshuffle_kernel.hsaco
0	0	_gemm_afp4wfp4_preshuffle_kernel.hsaco
0	0	_gemm_afp4wfp4_preshuffle_kernel.hsaco
0	0	_gemm_afp4wfp4_preshuffle_kernel.hsaco
0	0	_gemm_afp4wfp4_preshuffle_kernel.hsaco
0	0	_gemm_afp4wfp4_preshuffle_kernel.hsaco
0	0	_gemm_afp4wfp4_preshuffle_kernel.hsaco
0	0	_gemm_afp4wfp4_preshuffle_kernel.hsaco
0	0	_gemm_afp4wfp4_preshuffle_kernel.hsaco
0	0	_gemm_afp4wfp4_preshuffle_kernel.hsaco
0	0	_gemm_afp4wfp4_preshuffle_kernel.hsaco
0	0	_gemm_afp4wfp4_preshuffle_kernel.hsaco
0	0	_gemm_afp4wfp4_preshuffle_kernel.hsaco
0	0	_gemm_afp4wfp4_preshuffle_kernel.hsaco
0	0	_gemm_afp4wfp4_preshuffle_kernel.hsaco
0	0	_gemm_afp4wfp4_preshuffle_kernel.hsaco
0	0	_gemm_afp4wfp4_preshuffle_kernel.hsaco
0	0	_gemm_afp4wfp4_preshuffle_kernel.hsaco
0	0	_gemm_afp4wfp4_preshuffle_kernel.hsaco
0	0	_gemm_afp4wfp4_preshuffle_kernel.hsaco
0	0	_gemm_afp4wfp4_preshuffle_kernel.hsaco
0	0	_gemm_afp4wfp4_preshuffle_kernel.hsaco
0	0	_gemm_afp4wfp4_preshuffle_kernel.hsaco
0	0	_gemm_afp4wfp4_preshuffle_kernel.hsaco
0	0	_gemm_afp4wfp4_preshuffle_kernel.hsaco
0	0	_gemm_afp4wfp4_preshuffle_kernel.hsaco
0	0	_gemm_afp4wfp4_preshuffle_kernel.hsaco
0	0	_gemm_afp4wfp4_preshuffle_kernel.hsaco
0	0	_gemm_afp4wfp4_preshuffle_kernel.hsaco
0	0	_gemm_afp4wfp4_preshuffle_kernel.hsaco
0	0	_gemm_afp4wfp4_preshuffle_kernel.hsaco
0	0	_gemm_afp4wfp4_preshuffle_kernel.hsaco
0	0	_gemm_afp4wfp4_preshuffle_kernel.hsaco
0	0	_gemm_afp4wfp4_preshuffle_kernel.hsaco
0	0	_gemm_afp4wfp4_preshuffle_kernel.hsaco
0	0	_gemm_afp4wfp4_preshuffle_kernel.hsaco
0	0	_gemm_afp4wfp4_preshuffle_kernel.hsaco
0	0	_gemm_afp4wfp4_preshuffle_kernel.hsaco
0	0	_gemm_afp4wfp4_preshuffle_kernel.hsaco
0	0	_gemm_afp4wfp4_preshuffle_kernel.hsaco
0	0	_gemm_afp4wfp4_preshuffle_kernel.hsaco
0	0	_gemm_afp4wfp4_preshuffle_kernel.hsaco
0	0	_gemm_afp4wfp4_preshuffle_kernel.hsaco
0	0	_gemm_afp4wfp4_preshuffle_kernel.hsaco
0	0	_gemm_afp4wfp4_preshuffle_kernel.hsaco
0	0	_gemm_afp4wfp4_preshuffle_kernel.hsaco
0	0	_gemm_afp4wfp4_preshuffle_kernel.hsaco
0	0	_gemm_afp4wfp4_preshuffle_kernel.hsaco
0	0	_gemm_afp4wfp4_preshuffle_kernel.hsaco
0	0	_gemm_afp4wfp4_preshuffle_kernel.hsaco
0	0	_gemm_afp4wfp4_preshuffle_kernel.hsaco
0	0	_gemm_afp4wfp4_preshuffle_kernel.hsaco
0	0	_gemm_afp4wfp4_preshuffle_kernel.hsaco
0	0	_gemm_afp4wfp4_preshuffle_kernel.hsaco
0	0	_gemm_afp4wfp4_preshuffle_kernel.hsaco
0	0	_gemm_afp4wfp4_preshuffle_kernel.hsaco
0	0	_gemm_afp4wfp4_preshuffle_kernel.hsaco
0	0	_gemm_afp4wfp4_preshuffle_kernel.hsaco
0	0	_gemm_afp4wfp4_preshuffle_kernel.hsaco
0	0	_gemm_afp4wfp4_preshuffle_kernel.hsaco
0	0	_gemm_afp4wfp4_preshuffle_kernel.hsaco
0	0	_gemm_afp4wfp4_preshuffle_kernel.hsaco
0	0	_gemm_afp4wfp4_preshuffle_kernel.hsaco
0	0	_gemm_afp4wfp4_preshuffle_kernel.hsaco
0	0	_gemm_afp4wfp4_preshuffle_kernel.hsaco
0	0	_gemm_afp4wfp4_preshuffle_kernel.hsaco
0	0	_gemm_afp4wfp4_preshuffle_kernel.hsaco
